"participant","item","register","attractor","verb","yes"
1,237,"formal","pl","pl",0
1,301,"formal","pl","pl",0
1,365,"formal","pl","pl",0
1,429,"formal","pl","pl",0
1,493,"formal","pl","pl",1
1,182,"formal","pl","sg",1
1,246,"formal","pl","sg",1
1,310,"formal","pl","sg",1
1,374,"formal","pl","sg",1
1,438,"formal","pl","sg",0
1,191,"formal","sg","pl",0
1,255,"formal","sg","pl",1
1,319,"formal","sg","pl",0
1,383,"formal","sg","pl",0
1,447,"formal","sg","pl",1
1,200,"formal","sg","sg",1
1,264,"formal","sg","sg",0
1,328,"formal","sg","sg",0
1,392,"formal","sg","sg",1
1,456,"formal","sg","sg",1
1,209,"informal","pl","pl",0
1,273,"informal","pl","pl",0
1,337,"informal","pl","pl",0
1,401,"informal","pl","pl",0
1,465,"informal","pl","pl",0
1,218,"informal","pl","sg",0
1,282,"informal","pl","sg",0
1,346,"informal","pl","sg",0
1,410,"informal","pl","sg",0
1,474,"informal","pl","sg",0
1,227,"informal","sg","pl",0
1,291,"informal","sg","pl",0
1,355,"informal","sg","pl",0
1,419,"informal","sg","pl",1
1,483,"informal","sg","pl",0
1,236,"informal","sg","sg",0
1,300,"informal","sg","sg",1
1,364,"informal","sg","sg",1
1,428,"informal","sg","sg",0
1,492,"informal","sg","sg",0
2,237,"formal","pl","pl",1
2,301,"formal","pl","pl",1
2,365,"formal","pl","pl",1
2,429,"formal","pl","pl",1
2,493,"formal","pl","pl",0
2,182,"formal","pl","sg",1
2,246,"formal","pl","sg",1
2,310,"formal","pl","sg",1
2,374,"formal","pl","sg",1
2,438,"formal","pl","sg",1
2,191,"formal","sg","pl",0
2,255,"formal","sg","pl",1
2,319,"formal","sg","pl",0
2,383,"formal","sg","pl",0
2,447,"formal","sg","pl",1
2,200,"formal","sg","sg",1
2,264,"formal","sg","sg",1
2,328,"formal","sg","sg",1
2,392,"formal","sg","sg",1
2,456,"formal","sg","sg",1
2,209,"informal","pl","pl",0
2,273,"informal","pl","pl",0
2,337,"informal","pl","pl",0
2,401,"informal","pl","pl",1
2,465,"informal","pl","pl",0
2,218,"informal","pl","sg",1
2,282,"informal","pl","sg",1
2,346,"informal","pl","sg",1
2,410,"informal","pl","sg",1
2,474,"informal","pl","sg",0
2,227,"informal","sg","pl",0
2,291,"informal","sg","pl",0
2,355,"informal","sg","pl",0
2,419,"informal","sg","pl",0
2,483,"informal","sg","pl",0
2,236,"informal","sg","sg",1
2,300,"informal","sg","sg",1
2,364,"informal","sg","sg",1
2,428,"informal","sg","sg",1
2,492,"informal","sg","sg",1
3,237,"formal","pl","pl",1
3,301,"formal","pl","pl",0
3,365,"formal","pl","pl",1
3,429,"formal","pl","pl",1
3,493,"formal","pl","pl",0
3,182,"formal","pl","sg",1
3,246,"formal","pl","sg",1
3,310,"formal","pl","sg",1
3,374,"formal","pl","sg",1
3,438,"formal","pl","sg",0
3,191,"formal","sg","pl",0
3,255,"formal","sg","pl",1
3,319,"formal","sg","pl",0
3,383,"formal","sg","pl",0
3,447,"formal","sg","pl",0
3,200,"formal","sg","sg",1
3,264,"formal","sg","sg",1
3,328,"formal","sg","sg",0
3,392,"formal","sg","sg",1
3,456,"formal","sg","sg",1
3,209,"informal","pl","pl",1
3,273,"informal","pl","pl",0
3,337,"informal","pl","pl",1
3,401,"informal","pl","pl",0
3,465,"informal","pl","pl",0
3,218,"informal","pl","sg",1
3,282,"informal","pl","sg",1
3,346,"informal","pl","sg",1
3,410,"informal","pl","sg",1
3,474,"informal","pl","sg",1
3,227,"informal","sg","pl",0
3,291,"informal","sg","pl",1
3,355,"informal","sg","pl",0
3,419,"informal","sg","pl",0
3,483,"informal","sg","pl",0
3,236,"informal","sg","sg",1
3,300,"informal","sg","sg",1
3,364,"informal","sg","sg",1
3,428,"informal","sg","sg",1
3,492,"informal","sg","sg",0
4,237,"formal","pl","pl",0
4,301,"formal","pl","pl",1
4,365,"formal","pl","pl",0
4,429,"formal","pl","pl",0
4,493,"formal","pl","pl",1
4,182,"formal","pl","sg",1
4,246,"formal","pl","sg",1
4,310,"formal","pl","sg",1
4,374,"formal","pl","sg",0
4,438,"formal","pl","sg",1
4,191,"formal","sg","pl",0
4,255,"formal","sg","pl",0
4,319,"formal","sg","pl",0
4,383,"formal","sg","pl",0
4,447,"formal","sg","pl",0
4,200,"formal","sg","sg",1
4,264,"formal","sg","sg",1
4,328,"formal","sg","sg",1
4,392,"formal","sg","sg",1
4,456,"formal","sg","sg",1
4,209,"informal","pl","pl",0
4,273,"informal","pl","pl",1
4,337,"informal","pl","pl",0
4,401,"informal","pl","pl",0
4,465,"informal","pl","pl",1
4,218,"informal","pl","sg",1
4,282,"informal","pl","sg",1
4,346,"informal","pl","sg",1
4,410,"informal","pl","sg",1
4,474,"informal","pl","sg",1
4,227,"informal","sg","pl",0
4,291,"informal","sg","pl",0
4,355,"informal","sg","pl",0
4,419,"informal","sg","pl",0
4,483,"informal","sg","pl",0
4,236,"informal","sg","sg",1
4,300,"informal","sg","sg",1
4,364,"informal","sg","sg",1
4,428,"informal","sg","sg",1
5,237,"formal","pl","pl",1
5,301,"formal","pl","pl",0
5,365,"formal","pl","pl",1
5,429,"formal","pl","pl",0
5,493,"formal","pl","pl",1
5,182,"formal","pl","sg",1
5,310,"formal","pl","sg",1
5,374,"formal","pl","sg",1
5,438,"formal","pl","sg",1
5,191,"formal","sg","pl",1
5,255,"formal","sg","pl",1
5,319,"formal","sg","pl",0
5,383,"formal","sg","pl",1
5,447,"formal","sg","pl",1
5,200,"formal","sg","sg",1
5,264,"formal","sg","sg",1
5,328,"formal","sg","sg",1
5,392,"formal","sg","sg",0
5,456,"formal","sg","sg",1
5,209,"informal","pl","pl",0
5,273,"informal","pl","pl",0
5,337,"informal","pl","pl",0
5,401,"informal","pl","pl",1
5,465,"informal","pl","pl",0
5,218,"informal","pl","sg",1
5,282,"informal","pl","sg",1
5,346,"informal","pl","sg",1
5,410,"informal","pl","sg",1
5,474,"informal","pl","sg",1
5,227,"informal","sg","pl",0
5,291,"informal","sg","pl",0
5,355,"informal","sg","pl",0
5,419,"informal","sg","pl",1
5,483,"informal","sg","pl",1
5,236,"informal","sg","sg",1
5,300,"informal","sg","sg",1
5,364,"informal","sg","sg",0
5,428,"informal","sg","sg",1
5,492,"informal","sg","sg",1
6,237,"formal","pl","pl",0
6,301,"formal","pl","pl",0
6,365,"formal","pl","pl",0
6,429,"formal","pl","pl",1
6,493,"formal","pl","pl",0
6,182,"formal","pl","sg",1
6,246,"formal","pl","sg",0
6,310,"formal","pl","sg",1
6,374,"formal","pl","sg",0
6,438,"formal","pl","sg",1
6,191,"formal","sg","pl",0
6,255,"formal","sg","pl",0
6,319,"formal","sg","pl",0
6,383,"formal","sg","pl",1
6,447,"formal","sg","pl",0
6,200,"formal","sg","sg",1
6,264,"formal","sg","sg",1
6,328,"formal","sg","sg",1
6,392,"formal","sg","sg",1
6,456,"formal","sg","sg",1
6,209,"informal","pl","pl",1
6,273,"informal","pl","pl",1
6,337,"informal","pl","pl",1
6,401,"informal","pl","pl",0
6,465,"informal","pl","pl",0
6,218,"informal","pl","sg",1
6,282,"informal","pl","sg",1
6,346,"informal","pl","sg",1
6,410,"informal","pl","sg",1
6,474,"informal","pl","sg",0
6,227,"informal","sg","pl",0
6,291,"informal","sg","pl",0
6,355,"informal","sg","pl",0
6,419,"informal","sg","pl",0
6,483,"informal","sg","pl",0
6,236,"informal","sg","sg",1
6,300,"informal","sg","sg",0
6,364,"informal","sg","sg",1
6,428,"informal","sg","sg",1
6,492,"informal","sg","sg",0
7,237,"formal","pl","pl",0
7,301,"formal","pl","pl",0
7,365,"formal","pl","pl",0
7,429,"formal","pl","pl",1
7,493,"formal","pl","pl",1
7,182,"formal","pl","sg",1
7,246,"formal","pl","sg",1
7,310,"formal","pl","sg",1
7,374,"formal","pl","sg",1
7,438,"formal","pl","sg",1
7,191,"formal","sg","pl",0
7,255,"formal","sg","pl",0
7,319,"formal","sg","pl",0
7,383,"formal","sg","pl",1
7,447,"formal","sg","pl",0
7,200,"formal","sg","sg",1
7,264,"formal","sg","sg",1
7,328,"formal","sg","sg",0
7,392,"formal","sg","sg",1
7,456,"formal","sg","sg",1
7,209,"informal","pl","pl",0
7,273,"informal","pl","pl",0
7,337,"informal","pl","pl",0
7,401,"informal","pl","pl",0
7,465,"informal","pl","pl",0
7,218,"informal","pl","sg",1
7,282,"informal","pl","sg",1
7,346,"informal","pl","sg",1
7,410,"informal","pl","sg",1
7,474,"informal","pl","sg",1
7,227,"informal","sg","pl",0
7,291,"informal","sg","pl",0
7,355,"informal","sg","pl",0
7,419,"informal","sg","pl",0
7,483,"informal","sg","pl",0
7,236,"informal","sg","sg",1
7,300,"informal","sg","sg",1
7,364,"informal","sg","sg",1
7,428,"informal","sg","sg",1
7,492,"informal","sg","sg",1
8,237,"formal","pl","pl",1
8,301,"formal","pl","pl",0
8,365,"formal","pl","pl",1
8,429,"formal","pl","pl",1
8,493,"formal","pl","pl",1
8,182,"formal","pl","sg",1
8,246,"formal","pl","sg",1
8,310,"formal","pl","sg",1
8,374,"formal","pl","sg",1
8,438,"formal","pl","sg",1
8,191,"formal","sg","pl",0
8,255,"formal","sg","pl",1
8,319,"formal","sg","pl",1
8,383,"formal","sg","pl",1
8,447,"formal","sg","pl",0
8,200,"formal","sg","sg",1
8,264,"formal","sg","sg",1
8,328,"formal","sg","sg",1
8,392,"formal","sg","sg",1
8,456,"formal","sg","sg",1
8,209,"informal","pl","pl",1
8,273,"informal","pl","pl",1
8,337,"informal","pl","pl",0
8,401,"informal","pl","pl",1
8,465,"informal","pl","pl",1
8,218,"informal","pl","sg",1
8,282,"informal","pl","sg",1
8,346,"informal","pl","sg",1
8,410,"informal","pl","sg",1
8,474,"informal","pl","sg",1
8,227,"informal","sg","pl",0
8,291,"informal","sg","pl",0
8,355,"informal","sg","pl",1
8,483,"informal","sg","pl",1
8,236,"informal","sg","sg",1
8,300,"informal","sg","sg",1
8,364,"informal","sg","sg",1
8,428,"informal","sg","sg",1
8,492,"informal","sg","sg",1
9,237,"formal","pl","pl",0
9,301,"formal","pl","pl",1
9,365,"formal","pl","pl",1
9,429,"formal","pl","pl",1
9,493,"formal","pl","pl",1
9,182,"formal","pl","sg",1
9,246,"formal","pl","sg",1
9,310,"formal","pl","sg",1
9,374,"formal","pl","sg",0
9,438,"formal","pl","sg",1
9,191,"formal","sg","pl",0
9,255,"formal","sg","pl",1
9,319,"formal","sg","pl",0
9,383,"formal","sg","pl",1
9,447,"formal","sg","pl",1
9,200,"formal","sg","sg",1
9,264,"formal","sg","sg",1
9,328,"formal","sg","sg",1
9,392,"formal","sg","sg",1
9,456,"formal","sg","sg",1
9,209,"informal","pl","pl",0
9,273,"informal","pl","pl",1
9,337,"informal","pl","pl",0
9,401,"informal","pl","pl",1
9,465,"informal","pl","pl",1
9,218,"informal","pl","sg",1
9,282,"informal","pl","sg",1
9,346,"informal","pl","sg",1
9,410,"informal","pl","sg",0
9,474,"informal","pl","sg",1
9,227,"informal","sg","pl",0
9,291,"informal","sg","pl",1
9,355,"informal","sg","pl",1
9,419,"informal","sg","pl",0
9,483,"informal","sg","pl",0
9,236,"informal","sg","sg",1
9,300,"informal","sg","sg",1
9,364,"informal","sg","sg",1
9,428,"informal","sg","sg",1
9,492,"informal","sg","sg",1
10,237,"formal","pl","pl",1
10,301,"formal","pl","pl",1
10,365,"formal","pl","pl",1
10,429,"formal","pl","pl",1
10,493,"formal","pl","pl",1
10,182,"formal","pl","sg",1
10,246,"formal","pl","sg",1
10,310,"formal","pl","sg",1
10,374,"formal","pl","sg",1
10,438,"formal","pl","sg",1
10,191,"formal","sg","pl",0
10,255,"formal","sg","pl",1
10,319,"formal","sg","pl",0
10,383,"formal","sg","pl",1
10,447,"formal","sg","pl",1
10,200,"formal","sg","sg",1
10,264,"formal","sg","sg",1
10,328,"formal","sg","sg",1
10,392,"formal","sg","sg",1
10,456,"formal","sg","sg",1
10,209,"informal","pl","pl",0
10,273,"informal","pl","pl",0
10,337,"informal","pl","pl",0
10,401,"informal","pl","pl",0
10,465,"informal","pl","pl",0
10,218,"informal","pl","sg",1
10,282,"informal","pl","sg",0
10,346,"informal","pl","sg",1
10,410,"informal","pl","sg",1
10,474,"informal","pl","sg",1
10,227,"informal","sg","pl",0
10,291,"informal","sg","pl",0
10,355,"informal","sg","pl",0
10,419,"informal","sg","pl",0
10,483,"informal","sg","pl",0
10,236,"informal","sg","sg",1
10,300,"informal","sg","sg",1
10,364,"informal","sg","sg",1
10,428,"informal","sg","sg",1
10,492,"informal","sg","sg",1
11,237,"formal","pl","pl",1
11,301,"formal","pl","pl",1
11,365,"formal","pl","pl",0
11,429,"formal","pl","pl",0
11,493,"formal","pl","pl",1
11,182,"formal","pl","sg",1
11,246,"formal","pl","sg",1
11,310,"formal","pl","sg",1
11,374,"formal","pl","sg",0
11,438,"formal","pl","sg",0
11,191,"formal","sg","pl",0
11,255,"formal","sg","pl",1
11,319,"formal","sg","pl",0
11,383,"formal","sg","pl",0
11,447,"formal","sg","pl",1
11,200,"formal","sg","sg",1
11,264,"formal","sg","sg",1
11,328,"formal","sg","sg",1
11,392,"formal","sg","sg",1
11,456,"formal","sg","sg",1
11,209,"informal","pl","pl",1
11,273,"informal","pl","pl",1
11,337,"informal","pl","pl",0
11,401,"informal","pl","pl",0
11,465,"informal","pl","pl",1
11,218,"informal","pl","sg",1
11,282,"informal","pl","sg",1
11,346,"informal","pl","sg",1
11,410,"informal","pl","sg",1
11,474,"informal","pl","sg",1
11,227,"informal","sg","pl",1
11,291,"informal","sg","pl",1
11,355,"informal","sg","pl",1
11,419,"informal","sg","pl",0
11,483,"informal","sg","pl",0
11,236,"informal","sg","sg",1
11,300,"informal","sg","sg",1
11,364,"informal","sg","sg",1
11,428,"informal","sg","sg",1
11,492,"informal","sg","sg",1
12,237,"formal","pl","pl",1
12,301,"formal","pl","pl",0
12,365,"formal","pl","pl",0
12,429,"formal","pl","pl",0
12,493,"formal","pl","pl",0
12,182,"formal","pl","sg",1
12,246,"formal","pl","sg",1
12,310,"formal","pl","sg",1
12,374,"formal","pl","sg",1
12,438,"formal","pl","sg",1
12,191,"formal","sg","pl",0
12,255,"formal","sg","pl",0
12,319,"formal","sg","pl",0
12,383,"formal","sg","pl",0
12,447,"formal","sg","pl",0
12,200,"formal","sg","sg",1
12,264,"formal","sg","sg",1
12,328,"formal","sg","sg",0
12,392,"formal","sg","sg",1
12,456,"formal","sg","sg",1
12,209,"informal","pl","pl",0
12,273,"informal","pl","pl",0
12,337,"informal","pl","pl",1
12,401,"informal","pl","pl",1
12,465,"informal","pl","pl",0
12,218,"informal","pl","sg",1
12,282,"informal","pl","sg",1
12,346,"informal","pl","sg",1
12,410,"informal","pl","sg",1
12,474,"informal","pl","sg",1
12,227,"informal","sg","pl",0
12,291,"informal","sg","pl",0
12,355,"informal","sg","pl",0
12,419,"informal","sg","pl",0
12,483,"informal","sg","pl",0
12,236,"informal","sg","sg",1
12,300,"informal","sg","sg",1
12,364,"informal","sg","sg",1
12,428,"informal","sg","sg",1
12,492,"informal","sg","sg",1
13,237,"formal","pl","pl",1
13,301,"formal","pl","pl",1
13,365,"formal","pl","pl",1
13,429,"formal","pl","pl",1
13,493,"formal","pl","pl",1
13,182,"formal","pl","sg",1
13,246,"formal","pl","sg",1
13,310,"formal","pl","sg",1
13,374,"formal","pl","sg",1
13,438,"formal","pl","sg",1
13,191,"formal","sg","pl",1
13,255,"formal","sg","pl",1
13,319,"formal","sg","pl",1
13,383,"formal","sg","pl",1
13,447,"formal","sg","pl",1
13,200,"formal","sg","sg",1
13,264,"formal","sg","sg",1
13,328,"formal","sg","sg",1
13,392,"formal","sg","sg",1
13,456,"formal","sg","sg",1
13,209,"informal","pl","pl",1
13,273,"informal","pl","pl",1
13,337,"informal","pl","pl",1
13,401,"informal","pl","pl",1
13,465,"informal","pl","pl",1
13,218,"informal","pl","sg",1
13,282,"informal","pl","sg",1
13,346,"informal","pl","sg",1
13,410,"informal","pl","sg",1
13,474,"informal","pl","sg",1
13,227,"informal","sg","pl",1
13,291,"informal","sg","pl",1
13,355,"informal","sg","pl",1
13,419,"informal","sg","pl",1
13,483,"informal","sg","pl",1
13,236,"informal","sg","sg",1
13,300,"informal","sg","sg",1
13,364,"informal","sg","sg",1
13,428,"informal","sg","sg",1
13,492,"informal","sg","sg",1
14,237,"formal","pl","pl",0
14,301,"formal","pl","pl",0
14,365,"formal","pl","pl",0
14,429,"formal","pl","pl",0
14,493,"formal","pl","pl",0
14,182,"formal","pl","sg",1
14,246,"formal","pl","sg",1
14,310,"formal","pl","sg",1
14,374,"formal","pl","sg",1
14,438,"formal","pl","sg",1
14,191,"formal","sg","pl",0
14,255,"formal","sg","pl",0
14,319,"formal","sg","pl",0
14,383,"formal","sg","pl",0
14,447,"formal","sg","pl",0
14,200,"formal","sg","sg",1
14,264,"formal","sg","sg",1
14,328,"formal","sg","sg",1
14,392,"formal","sg","sg",1
14,456,"formal","sg","sg",1
14,209,"informal","pl","pl",0
14,273,"informal","pl","pl",0
14,337,"informal","pl","pl",0
14,401,"informal","pl","pl",0
14,465,"informal","pl","pl",0
14,218,"informal","pl","sg",1
14,282,"informal","pl","sg",1
14,346,"informal","pl","sg",1
14,410,"informal","pl","sg",1
14,474,"informal","pl","sg",1
14,227,"informal","sg","pl",0
14,291,"informal","sg","pl",0
14,355,"informal","sg","pl",0
14,419,"informal","sg","pl",0
14,483,"informal","sg","pl",0
14,236,"informal","sg","sg",1
14,300,"informal","sg","sg",1
14,364,"informal","sg","sg",1
14,428,"informal","sg","sg",1
14,492,"informal","sg","sg",1
15,213,"formal","pl","pl",1
15,277,"formal","pl","pl",1
15,341,"formal","pl","pl",0
15,405,"formal","pl","pl",0
15,469,"formal","pl","pl",0
15,222,"formal","pl","sg",1
15,286,"formal","pl","sg",1
15,350,"formal","pl","sg",1
15,414,"formal","pl","sg",1
15,478,"formal","pl","sg",1
15,231,"formal","sg","pl",0
15,295,"formal","sg","pl",1
15,359,"formal","sg","pl",0
15,423,"formal","sg","pl",0
15,487,"formal","sg","pl",0
15,240,"formal","sg","sg",1
15,304,"formal","sg","sg",1
15,368,"formal","sg","sg",1
15,432,"formal","sg","sg",1
15,496,"formal","sg","sg",1
15,185,"informal","pl","pl",0
15,249,"informal","pl","pl",0
15,313,"informal","pl","pl",0
15,377,"informal","pl","pl",1
15,441,"informal","pl","pl",0
15,194,"informal","pl","sg",1
15,258,"informal","pl","sg",1
15,322,"informal","pl","sg",1
15,386,"informal","pl","sg",1
15,450,"informal","pl","sg",1
15,203,"informal","sg","pl",0
15,267,"informal","sg","pl",1
15,331,"informal","sg","pl",0
15,395,"informal","sg","pl",0
15,459,"informal","sg","pl",0
15,212,"informal","sg","sg",1
15,276,"informal","sg","sg",1
15,340,"informal","sg","sg",1
15,404,"informal","sg","sg",1
15,468,"informal","sg","sg",1
16,213,"formal","pl","pl",0
16,277,"formal","pl","pl",1
16,341,"formal","pl","pl",1
16,405,"formal","pl","pl",1
16,469,"formal","pl","pl",1
16,222,"formal","pl","sg",1
16,286,"formal","pl","sg",1
16,350,"formal","pl","sg",1
16,414,"formal","pl","sg",1
16,478,"formal","pl","sg",0
16,231,"formal","sg","pl",0
16,295,"formal","sg","pl",0
16,359,"formal","sg","pl",1
16,423,"formal","sg","pl",1
16,487,"formal","sg","pl",0
16,240,"formal","sg","sg",1
16,304,"formal","sg","sg",1
16,368,"formal","sg","sg",1
16,432,"formal","sg","sg",0
16,496,"formal","sg","sg",1
16,185,"informal","pl","pl",0
16,249,"informal","pl","pl",1
16,313,"informal","pl","pl",0
16,377,"informal","pl","pl",0
16,441,"informal","pl","pl",0
16,194,"informal","pl","sg",1
16,258,"informal","pl","sg",0
16,322,"informal","pl","sg",1
16,386,"informal","pl","sg",1
16,450,"informal","pl","sg",0
16,203,"informal","sg","pl",1
16,267,"informal","sg","pl",0
16,331,"informal","sg","pl",0
16,395,"informal","sg","pl",0
16,459,"informal","sg","pl",0
16,212,"informal","sg","sg",1
16,276,"informal","sg","sg",1
16,340,"informal","sg","sg",1
16,404,"informal","sg","sg",1
16,468,"informal","sg","sg",1
17,197,"formal","pl","pl",0
17,261,"formal","pl","pl",0
17,325,"formal","pl","pl",0
17,389,"formal","pl","pl",0
17,453,"formal","pl","pl",1
17,206,"formal","pl","sg",1
17,270,"formal","pl","sg",1
17,334,"formal","pl","sg",1
17,398,"formal","pl","sg",1
17,462,"formal","pl","sg",1
17,215,"formal","sg","pl",0
17,279,"formal","sg","pl",0
17,343,"formal","sg","pl",1
17,407,"formal","sg","pl",0
17,471,"formal","sg","pl",0
17,224,"formal","sg","sg",0
17,288,"formal","sg","sg",1
17,352,"formal","sg","sg",1
17,416,"formal","sg","sg",1
17,480,"formal","sg","sg",1
17,233,"informal","pl","pl",0
17,297,"informal","pl","pl",0
17,361,"informal","pl","pl",0
17,425,"informal","pl","pl",0
17,489,"informal","pl","pl",0
17,242,"informal","pl","sg",1
17,306,"informal","pl","sg",1
17,370,"informal","pl","sg",1
17,434,"informal","pl","sg",1
17,498,"informal","pl","sg",1
17,187,"informal","sg","pl",0
17,251,"informal","sg","pl",0
17,315,"informal","sg","pl",0
17,379,"informal","sg","pl",1
17,443,"informal","sg","pl",0
17,196,"informal","sg","sg",1
17,260,"informal","sg","sg",1
17,324,"informal","sg","sg",1
17,388,"informal","sg","sg",1
17,452,"informal","sg","sg",1
18,181,"formal","pl","pl",0
18,245,"formal","pl","pl",1
18,309,"formal","pl","pl",1
18,373,"formal","pl","pl",1
18,437,"formal","pl","pl",1
18,254,"formal","pl","sg",1
18,318,"formal","pl","sg",0
18,382,"formal","pl","sg",0
18,446,"formal","pl","sg",0
18,199,"formal","sg","pl",1
18,263,"formal","sg","pl",0
18,327,"formal","sg","pl",1
18,391,"formal","sg","pl",0
18,455,"formal","sg","pl",1
18,208,"formal","sg","sg",1
18,272,"formal","sg","sg",1
18,336,"formal","sg","sg",0
18,400,"formal","sg","sg",0
18,464,"formal","sg","sg",1
18,217,"informal","pl","pl",0
18,281,"informal","pl","pl",0
18,345,"informal","pl","pl",0
18,409,"informal","pl","pl",0
18,473,"informal","pl","pl",0
18,226,"informal","pl","sg",0
18,290,"informal","pl","sg",0
18,354,"informal","pl","sg",1
18,418,"informal","pl","sg",1
18,482,"informal","pl","sg",0
18,235,"informal","sg","pl",0
18,299,"informal","sg","pl",0
18,363,"informal","sg","pl",0
18,427,"informal","sg","pl",1
18,491,"informal","sg","pl",1
18,244,"informal","sg","sg",0
18,308,"informal","sg","sg",0
18,372,"informal","sg","sg",0
18,436,"informal","sg","sg",0
18,500,"informal","sg","sg",1
19,189,"formal","pl","pl",1
19,253,"formal","pl","pl",1
19,317,"formal","pl","pl",1
19,381,"formal","pl","pl",1
19,445,"formal","pl","pl",1
19,198,"formal","pl","sg",1
19,262,"formal","pl","sg",1
19,326,"formal","pl","sg",1
19,390,"formal","pl","sg",1
19,454,"formal","pl","sg",1
19,207,"formal","sg","pl",1
19,271,"formal","sg","pl",1
19,335,"formal","sg","pl",1
19,399,"formal","sg","pl",1
19,463,"formal","sg","pl",1
19,216,"formal","sg","sg",1
19,280,"formal","sg","sg",1
19,344,"formal","sg","sg",1
19,408,"formal","sg","sg",1
19,472,"formal","sg","sg",1
19,225,"informal","pl","pl",1
19,289,"informal","pl","pl",1
19,353,"informal","pl","pl",1
19,417,"informal","pl","pl",1
19,481,"informal","pl","pl",0
19,234,"informal","pl","sg",1
19,298,"informal","pl","sg",1
19,362,"informal","pl","sg",1
19,426,"informal","pl","sg",1
19,490,"informal","pl","sg",1
19,243,"informal","sg","pl",0
19,307,"informal","sg","pl",1
19,371,"informal","sg","pl",1
19,435,"informal","sg","pl",1
19,499,"informal","sg","pl",0
19,188,"informal","sg","sg",1
19,252,"informal","sg","sg",1
19,316,"informal","sg","sg",1
19,380,"informal","sg","sg",1
19,444,"informal","sg","sg",1
20,237,"formal","pl","pl",1
20,301,"formal","pl","pl",0
20,365,"formal","pl","pl",0
20,429,"formal","pl","pl",1
20,493,"formal","pl","pl",1
20,182,"formal","pl","sg",1
20,246,"formal","pl","sg",0
20,310,"formal","pl","sg",1
20,374,"formal","pl","sg",1
20,438,"formal","pl","sg",0
20,191,"formal","sg","pl",0
20,255,"formal","sg","pl",1
20,319,"formal","sg","pl",0
20,383,"formal","sg","pl",0
20,447,"formal","sg","pl",0
20,200,"formal","sg","sg",1
20,264,"formal","sg","sg",0
20,328,"formal","sg","sg",0
20,392,"formal","sg","sg",0
20,456,"formal","sg","sg",0
20,209,"informal","pl","pl",0
20,273,"informal","pl","pl",0
20,337,"informal","pl","pl",0
20,401,"informal","pl","pl",0
20,218,"informal","pl","sg",0
20,282,"informal","pl","sg",0
20,346,"informal","pl","sg",0
20,410,"informal","pl","sg",0
20,474,"informal","pl","sg",0
20,227,"informal","sg","pl",0
20,291,"informal","sg","pl",0
20,355,"informal","sg","pl",1
20,419,"informal","sg","pl",0
20,483,"informal","sg","pl",0
20,236,"informal","sg","sg",0
20,300,"informal","sg","sg",1
20,364,"informal","sg","sg",0
20,428,"informal","sg","sg",1
20,492,"informal","sg","sg",0
21,221,"formal","pl","pl",0
21,285,"formal","pl","pl",0
21,349,"formal","pl","pl",0
21,413,"formal","pl","pl",1
21,477,"formal","pl","pl",1
21,230,"formal","pl","sg",1
21,294,"formal","pl","sg",1
21,358,"formal","pl","sg",1
21,422,"formal","pl","sg",1
21,486,"formal","pl","sg",1
21,239,"formal","sg","pl",0
21,303,"formal","sg","pl",0
21,367,"formal","sg","pl",1
21,431,"formal","sg","pl",0
21,495,"formal","sg","pl",0
21,184,"formal","sg","sg",1
21,248,"formal","sg","sg",1
21,312,"formal","sg","sg",1
21,376,"formal","sg","sg",0
21,440,"formal","sg","sg",1
21,193,"informal","pl","pl",0
21,257,"informal","pl","pl",0
21,321,"informal","pl","pl",0
21,385,"informal","pl","pl",0
21,449,"informal","pl","pl",0
21,202,"informal","pl","sg",1
21,266,"informal","pl","sg",1
21,330,"informal","pl","sg",1
21,394,"informal","pl","sg",1
21,458,"informal","pl","sg",1
21,211,"informal","sg","pl",0
21,275,"informal","sg","pl",0
21,339,"informal","sg","pl",0
21,403,"informal","sg","pl",0
21,467,"informal","sg","pl",0
21,220,"informal","sg","sg",0
21,284,"informal","sg","sg",1
21,348,"informal","sg","sg",1
21,412,"informal","sg","sg",1
21,476,"informal","sg","sg",1
22,205,"formal","pl","pl",1
22,269,"formal","pl","pl",1
22,333,"formal","pl","pl",1
22,397,"formal","pl","pl",1
22,461,"formal","pl","pl",1
22,214,"formal","pl","sg",1
22,278,"formal","pl","sg",1
22,342,"formal","pl","sg",1
22,406,"formal","pl","sg",0
22,470,"formal","pl","sg",1
22,223,"formal","sg","pl",1
22,287,"formal","sg","pl",1
22,351,"formal","sg","pl",0
22,415,"formal","sg","pl",1
22,479,"formal","sg","pl",1
22,232,"formal","sg","sg",1
22,296,"formal","sg","sg",1
22,360,"formal","sg","sg",1
22,424,"formal","sg","sg",1
22,488,"formal","sg","sg",0
22,241,"informal","pl","pl",1
22,305,"informal","pl","pl",0
22,369,"informal","pl","pl",0
22,433,"informal","pl","pl",0
22,497,"informal","pl","pl",0
22,186,"informal","pl","sg",1
22,250,"informal","pl","sg",0
22,314,"informal","pl","sg",1
22,378,"informal","pl","sg",1
22,442,"informal","pl","sg",0
22,195,"informal","sg","pl",0
22,259,"informal","sg","pl",0
22,323,"informal","sg","pl",0
22,387,"informal","sg","pl",0
22,451,"informal","sg","pl",0
22,204,"informal","sg","sg",1
22,268,"informal","sg","sg",1
22,332,"informal","sg","sg",1
22,396,"informal","sg","sg",1
22,460,"informal","sg","sg",0
23,181,"formal","pl","pl",1
23,245,"formal","pl","pl",0
23,309,"formal","pl","pl",1
23,373,"formal","pl","pl",1
23,437,"formal","pl","pl",0
23,190,"formal","pl","sg",1
23,254,"formal","pl","sg",1
23,318,"formal","pl","sg",1
23,382,"formal","pl","sg",1
23,446,"formal","pl","sg",1
23,199,"formal","sg","pl",1
23,263,"formal","sg","pl",1
23,327,"formal","sg","pl",0
23,391,"formal","sg","pl",0
23,455,"formal","sg","pl",1
23,208,"formal","sg","sg",1
23,272,"formal","sg","sg",1
23,336,"formal","sg","sg",1
23,400,"formal","sg","sg",1
23,464,"formal","sg","sg",1
23,217,"informal","pl","pl",1
23,281,"informal","pl","pl",0
23,345,"informal","pl","pl",1
23,409,"informal","pl","pl",0
23,473,"informal","pl","pl",0
23,226,"informal","pl","sg",0
23,290,"informal","pl","sg",1
23,354,"informal","pl","sg",1
23,418,"informal","pl","sg",1
23,482,"informal","pl","sg",1
23,235,"informal","sg","pl",0
23,299,"informal","sg","pl",1
23,363,"informal","sg","pl",1
23,427,"informal","sg","pl",1
23,491,"informal","sg","pl",0
23,244,"informal","sg","sg",0
23,308,"informal","sg","sg",1
23,372,"informal","sg","sg",1
23,436,"informal","sg","sg",1
23,500,"informal","sg","sg",1
24,237,"formal","pl","pl",1
24,301,"formal","pl","pl",1
24,429,"formal","pl","pl",1
24,493,"formal","pl","pl",0
24,182,"formal","pl","sg",1
24,246,"formal","pl","sg",1
24,310,"formal","pl","sg",1
24,374,"formal","pl","sg",1
24,438,"formal","pl","sg",1
24,191,"formal","sg","pl",1
24,255,"formal","sg","pl",1
24,319,"formal","sg","pl",1
24,383,"formal","sg","pl",1
24,447,"formal","sg","pl",1
24,200,"formal","sg","sg",1
24,264,"formal","sg","sg",1
24,328,"formal","sg","sg",1
24,392,"formal","sg","sg",1
24,456,"formal","sg","sg",1
24,209,"informal","pl","pl",0
24,273,"informal","pl","pl",0
24,337,"informal","pl","pl",1
24,401,"informal","pl","pl",1
24,465,"informal","pl","pl",0
24,218,"informal","pl","sg",1
24,282,"informal","pl","sg",1
24,346,"informal","pl","sg",1
24,410,"informal","pl","sg",1
24,474,"informal","pl","sg",1
24,227,"informal","sg","pl",0
24,291,"informal","sg","pl",0
24,355,"informal","sg","pl",0
24,419,"informal","sg","pl",0
24,483,"informal","sg","pl",0
24,236,"informal","sg","sg",1
24,300,"informal","sg","sg",1
24,364,"informal","sg","sg",1
24,428,"informal","sg","sg",1
24,492,"informal","sg","sg",1
25,237,"formal","pl","pl",1
25,301,"formal","pl","pl",1
25,365,"formal","pl","pl",0
25,429,"formal","pl","pl",0
25,493,"formal","pl","pl",1
25,182,"formal","pl","sg",1
25,246,"formal","pl","sg",1
25,310,"formal","pl","sg",1
25,374,"formal","pl","sg",1
25,438,"formal","pl","sg",1
25,191,"formal","sg","pl",0
25,255,"formal","sg","pl",1
25,319,"formal","sg","pl",1
25,383,"formal","sg","pl",0
25,447,"formal","sg","pl",0
25,200,"formal","sg","sg",1
25,264,"formal","sg","sg",1
25,328,"formal","sg","sg",1
25,392,"formal","sg","sg",1
25,456,"formal","sg","sg",1
25,209,"informal","pl","pl",0
25,273,"informal","pl","pl",0
25,337,"informal","pl","pl",0
25,401,"informal","pl","pl",0
25,465,"informal","pl","pl",0
25,218,"informal","pl","sg",1
25,282,"informal","pl","sg",1
25,346,"informal","pl","sg",1
25,410,"informal","pl","sg",0
25,474,"informal","pl","sg",1
25,227,"informal","sg","pl",0
25,291,"informal","sg","pl",0
25,355,"informal","sg","pl",0
25,419,"informal","sg","pl",0
25,483,"informal","sg","pl",0
25,236,"informal","sg","sg",1
25,300,"informal","sg","sg",1
25,364,"informal","sg","sg",1
25,428,"informal","sg","sg",1
25,492,"informal","sg","sg",0
26,221,"formal","pl","pl",0
26,285,"formal","pl","pl",1
26,349,"formal","pl","pl",1
26,413,"formal","pl","pl",0
26,477,"formal","pl","pl",0
26,230,"formal","pl","sg",1
26,294,"formal","pl","sg",1
26,358,"formal","pl","sg",1
26,422,"formal","pl","sg",1
26,486,"formal","pl","sg",1
26,239,"formal","sg","pl",0
26,303,"formal","sg","pl",0
26,367,"formal","sg","pl",1
26,431,"formal","sg","pl",1
26,495,"formal","sg","pl",0
26,184,"formal","sg","sg",1
26,248,"formal","sg","sg",1
26,312,"formal","sg","sg",1
26,376,"formal","sg","sg",1
26,440,"formal","sg","sg",1
26,193,"informal","pl","pl",0
26,257,"informal","pl","pl",1
26,321,"informal","pl","pl",1
26,385,"informal","pl","pl",1
26,449,"informal","pl","pl",1
26,202,"informal","pl","sg",1
26,266,"informal","pl","sg",1
26,330,"informal","pl","sg",1
26,394,"informal","pl","sg",1
26,458,"informal","pl","sg",1
26,211,"informal","sg","pl",0
26,275,"informal","sg","pl",1
26,339,"informal","sg","pl",1
26,403,"informal","sg","pl",0
26,467,"informal","sg","pl",0
26,220,"informal","sg","sg",1
26,284,"informal","sg","sg",1
26,348,"informal","sg","sg",1
26,412,"informal","sg","sg",1
26,476,"informal","sg","sg",1
27,221,"formal","pl","pl",0
27,285,"formal","pl","pl",1
27,349,"formal","pl","pl",1
27,413,"formal","pl","pl",0
27,477,"formal","pl","pl",1
27,230,"formal","pl","sg",1
27,294,"formal","pl","sg",1
27,358,"formal","pl","sg",1
27,422,"formal","pl","sg",1
27,486,"formal","pl","sg",1
27,239,"formal","sg","pl",0
27,303,"formal","sg","pl",0
27,367,"formal","sg","pl",0
27,431,"formal","sg","pl",1
27,495,"formal","sg","pl",0
27,184,"formal","sg","sg",1
27,248,"formal","sg","sg",1
27,312,"formal","sg","sg",1
27,376,"formal","sg","sg",1
27,440,"formal","sg","sg",1
27,193,"informal","pl","pl",0
27,257,"informal","pl","pl",1
27,321,"informal","pl","pl",0
27,385,"informal","pl","pl",0
27,449,"informal","pl","pl",1
27,202,"informal","pl","sg",1
27,266,"informal","pl","sg",0
27,330,"informal","pl","sg",1
27,394,"informal","pl","sg",1
27,458,"informal","pl","sg",1
27,211,"informal","sg","pl",0
27,275,"informal","sg","pl",1
27,339,"informal","sg","pl",0
27,403,"informal","sg","pl",1
27,467,"informal","sg","pl",1
27,220,"informal","sg","sg",1
27,284,"informal","sg","sg",1
27,348,"informal","sg","sg",1
27,412,"informal","sg","sg",0
27,476,"informal","sg","sg",1
28,205,"formal","pl","pl",0
28,269,"formal","pl","pl",0
28,333,"formal","pl","pl",0
28,397,"formal","pl","pl",1
28,461,"formal","pl","pl",1
28,214,"formal","pl","sg",1
28,278,"formal","pl","sg",1
28,342,"formal","pl","sg",1
28,406,"formal","pl","sg",0
28,470,"formal","pl","sg",1
28,223,"formal","sg","pl",0
28,287,"formal","sg","pl",0
28,351,"formal","sg","pl",0
28,415,"formal","sg","pl",0
28,479,"formal","sg","pl",0
28,232,"formal","sg","sg",1
28,296,"formal","sg","sg",0
28,360,"formal","sg","sg",1
28,424,"formal","sg","sg",1
28,488,"formal","sg","sg",1
28,241,"informal","pl","pl",0
28,305,"informal","pl","pl",0
28,369,"informal","pl","pl",0
28,433,"informal","pl","pl",0
28,497,"informal","pl","pl",0
28,186,"informal","pl","sg",0
28,314,"informal","pl","sg",1
28,378,"informal","pl","sg",0
28,442,"informal","pl","sg",0
28,195,"informal","sg","pl",0
28,259,"informal","sg","pl",0
28,323,"informal","sg","pl",0
28,387,"informal","sg","pl",0
28,451,"informal","sg","pl",0
28,204,"informal","sg","sg",1
28,268,"informal","sg","sg",1
28,332,"informal","sg","sg",0
28,396,"informal","sg","sg",0
28,460,"informal","sg","sg",0
29,197,"formal","pl","pl",1
29,261,"formal","pl","pl",1
29,325,"formal","pl","pl",0
29,389,"formal","pl","pl",1
29,453,"formal","pl","pl",1
29,206,"formal","pl","sg",1
29,270,"formal","pl","sg",1
29,334,"formal","pl","sg",1
29,398,"formal","pl","sg",1
29,462,"formal","pl","sg",1
29,215,"formal","sg","pl",1
29,279,"formal","sg","pl",1
29,343,"formal","sg","pl",0
29,407,"formal","sg","pl",1
29,471,"formal","sg","pl",1
29,224,"formal","sg","sg",0
29,288,"formal","sg","sg",1
29,352,"formal","sg","sg",1
29,416,"formal","sg","sg",1
29,480,"formal","sg","sg",1
29,233,"informal","pl","pl",1
29,297,"informal","pl","pl",1
29,361,"informal","pl","pl",0
29,425,"informal","pl","pl",0
29,489,"informal","pl","pl",0
29,242,"informal","pl","sg",1
29,306,"informal","pl","sg",1
29,370,"informal","pl","sg",1
29,434,"informal","pl","sg",1
29,498,"informal","pl","sg",1
29,187,"informal","sg","pl",0
29,251,"informal","sg","pl",0
29,315,"informal","sg","pl",1
29,379,"informal","sg","pl",0
29,443,"informal","sg","pl",0
29,196,"informal","sg","sg",1
29,260,"informal","sg","sg",1
29,324,"informal","sg","sg",1
29,388,"informal","sg","sg",1
29,452,"informal","sg","sg",1
30,189,"formal","pl","pl",0
30,253,"formal","pl","pl",0
30,317,"formal","pl","pl",0
30,381,"formal","pl","pl",0
30,445,"formal","pl","pl",0
30,198,"formal","pl","sg",0
30,262,"formal","pl","sg",0
30,326,"formal","pl","sg",0
30,390,"formal","pl","sg",0
30,454,"formal","pl","sg",0
30,207,"formal","sg","pl",0
30,271,"formal","sg","pl",0
30,335,"formal","sg","pl",0
30,399,"formal","sg","pl",0
30,463,"formal","sg","pl",1
30,216,"formal","sg","sg",0
30,280,"formal","sg","sg",0
30,344,"formal","sg","sg",0
30,408,"formal","sg","sg",0
30,472,"formal","sg","sg",0
30,225,"informal","pl","pl",0
30,289,"informal","pl","pl",0
30,353,"informal","pl","pl",0
30,417,"informal","pl","pl",0
30,481,"informal","pl","pl",0
30,234,"informal","pl","sg",0
30,298,"informal","pl","sg",0
30,362,"informal","pl","sg",0
30,426,"informal","pl","sg",0
30,490,"informal","pl","sg",0
30,243,"informal","sg","pl",0
30,307,"informal","sg","pl",0
30,371,"informal","sg","pl",0
30,435,"informal","sg","pl",0
30,499,"informal","sg","pl",0
30,188,"informal","sg","sg",0
30,252,"informal","sg","sg",0
30,316,"informal","sg","sg",0
30,380,"informal","sg","sg",1
30,444,"informal","sg","sg",0
31,181,"formal","pl","pl",1
31,245,"formal","pl","pl",1
31,309,"formal","pl","pl",0
31,373,"formal","pl","pl",1
31,437,"formal","pl","pl",1
31,190,"formal","pl","sg",1
31,254,"formal","pl","sg",1
31,318,"formal","pl","sg",1
31,382,"formal","pl","sg",1
31,446,"formal","pl","sg",1
31,199,"formal","sg","pl",1
31,263,"formal","sg","pl",1
31,327,"formal","sg","pl",1
31,391,"formal","sg","pl",1
31,455,"formal","sg","pl",1
31,208,"formal","sg","sg",0
31,272,"formal","sg","sg",1
31,336,"formal","sg","sg",0
31,400,"formal","sg","sg",1
31,464,"formal","sg","sg",1
31,217,"informal","pl","pl",1
31,281,"informal","pl","pl",1
31,345,"informal","pl","pl",0
31,409,"informal","pl","pl",0
31,473,"informal","pl","pl",1
31,226,"informal","pl","sg",1
31,290,"informal","pl","sg",0
31,354,"informal","pl","sg",0
31,418,"informal","pl","sg",1
31,482,"informal","pl","sg",1
31,235,"informal","sg","pl",0
31,299,"informal","sg","pl",0
31,363,"informal","sg","pl",1
31,427,"informal","sg","pl",0
31,491,"informal","sg","pl",0
31,244,"informal","sg","sg",1
31,308,"informal","sg","sg",0
31,372,"informal","sg","sg",0
31,436,"informal","sg","sg",1
31,500,"informal","sg","sg",0
32,237,"formal","pl","pl",0
32,301,"formal","pl","pl",0
32,365,"formal","pl","pl",0
32,429,"formal","pl","pl",0
32,493,"formal","pl","pl",0
32,182,"formal","pl","sg",1
32,246,"formal","pl","sg",1
32,310,"formal","pl","sg",1
32,374,"formal","pl","sg",1
32,438,"formal","pl","sg",1
32,191,"formal","sg","pl",0
32,255,"formal","sg","pl",0
32,383,"formal","sg","pl",0
32,447,"formal","sg","pl",0
32,200,"formal","sg","sg",1
32,264,"formal","sg","sg",1
32,328,"formal","sg","sg",1
32,392,"formal","sg","sg",1
32,456,"formal","sg","sg",1
32,209,"informal","pl","pl",0
32,273,"informal","pl","pl",0
32,337,"informal","pl","pl",0
32,401,"informal","pl","pl",0
32,465,"informal","pl","pl",0
32,218,"informal","pl","sg",1
32,282,"informal","pl","sg",1
32,346,"informal","pl","sg",1
32,410,"informal","pl","sg",1
32,474,"informal","pl","sg",1
32,227,"informal","sg","pl",0
32,291,"informal","sg","pl",0
32,355,"informal","sg","pl",0
32,419,"informal","sg","pl",1
32,483,"informal","sg","pl",0
32,236,"informal","sg","sg",1
32,300,"informal","sg","sg",1
32,364,"informal","sg","sg",0
32,428,"informal","sg","sg",1
32,492,"informal","sg","sg",1
33,237,"formal","pl","pl",1
33,301,"formal","pl","pl",0
33,365,"formal","pl","pl",0
33,429,"formal","pl","pl",1
33,493,"formal","pl","pl",1
33,182,"formal","pl","sg",1
33,246,"formal","pl","sg",1
33,310,"formal","pl","sg",1
33,374,"formal","pl","sg",1
33,438,"formal","pl","sg",1
33,191,"formal","sg","pl",0
33,255,"formal","sg","pl",1
33,319,"formal","sg","pl",0
33,383,"formal","sg","pl",1
33,447,"formal","sg","pl",1
33,200,"formal","sg","sg",1
33,264,"formal","sg","sg",1
33,328,"formal","sg","sg",1
33,392,"formal","sg","sg",1
33,456,"formal","sg","sg",1
33,209,"informal","pl","pl",0
33,273,"informal","pl","pl",1
33,337,"informal","pl","pl",1
33,401,"informal","pl","pl",0
33,465,"informal","pl","pl",1
33,218,"informal","pl","sg",1
33,282,"informal","pl","sg",1
33,346,"informal","pl","sg",1
33,410,"informal","pl","sg",1
33,474,"informal","pl","sg",1
33,227,"informal","sg","pl",0
33,291,"informal","sg","pl",0
33,355,"informal","sg","pl",1
33,419,"informal","sg","pl",0
33,483,"informal","sg","pl",0
33,236,"informal","sg","sg",1
33,300,"informal","sg","sg",1
33,364,"informal","sg","sg",1
33,428,"informal","sg","sg",1
33,492,"informal","sg","sg",1
34,229,"formal","pl","pl",1
34,293,"formal","pl","pl",0
34,357,"formal","pl","pl",0
34,421,"formal","pl","pl",0
34,485,"formal","pl","pl",0
34,238,"formal","pl","sg",1
34,302,"formal","pl","sg",1
34,366,"formal","pl","sg",0
34,430,"formal","pl","sg",0
34,494,"formal","pl","sg",1
34,183,"formal","sg","pl",1
34,247,"formal","sg","pl",0
34,311,"formal","sg","pl",1
34,375,"formal","sg","pl",0
34,439,"formal","sg","pl",0
34,192,"formal","sg","sg",1
34,256,"formal","sg","sg",1
34,320,"formal","sg","sg",1
34,384,"formal","sg","sg",1
34,448,"formal","sg","sg",0
34,201,"informal","pl","pl",0
34,265,"informal","pl","pl",1
34,329,"informal","pl","pl",0
34,393,"informal","pl","pl",0
34,457,"informal","pl","pl",0
34,210,"informal","pl","sg",0
34,274,"informal","pl","sg",1
34,338,"informal","pl","sg",0
34,402,"informal","pl","sg",1
34,466,"informal","pl","sg",1
34,219,"informal","sg","pl",0
34,283,"informal","sg","pl",0
34,347,"informal","sg","pl",0
34,411,"informal","sg","pl",1
34,475,"informal","sg","pl",0
34,228,"informal","sg","sg",0
34,292,"informal","sg","sg",1
34,356,"informal","sg","sg",1
34,420,"informal","sg","sg",1
34,484,"informal","sg","sg",1
35,237,"formal","pl","pl",0
35,301,"formal","pl","pl",0
35,365,"formal","pl","pl",1
35,429,"formal","pl","pl",1
35,493,"formal","pl","pl",0
35,182,"formal","pl","sg",1
35,246,"formal","pl","sg",1
35,310,"formal","pl","sg",1
35,374,"formal","pl","sg",0
35,438,"formal","pl","sg",1
35,191,"formal","sg","pl",1
35,255,"formal","sg","pl",0
35,319,"formal","sg","pl",1
35,383,"formal","sg","pl",1
35,447,"formal","sg","pl",1
35,200,"formal","sg","sg",1
35,264,"formal","sg","sg",1
35,328,"formal","sg","sg",0
35,392,"formal","sg","sg",1
35,456,"formal","sg","sg",1
35,209,"informal","pl","pl",0
35,273,"informal","pl","pl",1
35,337,"informal","pl","pl",0
35,401,"informal","pl","pl",1
35,465,"informal","pl","pl",0
35,218,"informal","pl","sg",1
35,282,"informal","pl","sg",1
35,346,"informal","pl","sg",1
35,410,"informal","pl","sg",1
35,474,"informal","pl","sg",0
35,227,"informal","sg","pl",0
35,291,"informal","sg","pl",0
35,355,"informal","sg","pl",0
35,419,"informal","sg","pl",0
35,483,"informal","sg","pl",0
35,236,"informal","sg","sg",1
35,300,"informal","sg","sg",1
35,364,"informal","sg","sg",1
35,428,"informal","sg","sg",1
35,492,"informal","sg","sg",1
36,181,"formal","pl","pl",1
36,245,"formal","pl","pl",1
36,309,"formal","pl","pl",1
36,373,"formal","pl","pl",0
36,437,"formal","pl","pl",1
36,190,"formal","pl","sg",1
36,254,"formal","pl","sg",1
36,318,"formal","pl","sg",1
36,382,"formal","pl","sg",0
36,446,"formal","pl","sg",1
36,199,"formal","sg","pl",1
36,263,"formal","sg","pl",0
36,327,"formal","sg","pl",0
36,391,"formal","sg","pl",1
36,455,"formal","sg","pl",0
36,208,"formal","sg","sg",1
36,272,"formal","sg","sg",1
36,336,"formal","sg","sg",1
36,400,"formal","sg","sg",1
36,464,"formal","sg","sg",1
36,217,"informal","pl","pl",1
36,281,"informal","pl","pl",0
36,345,"informal","pl","pl",0
36,409,"informal","pl","pl",1
36,473,"informal","pl","pl",1
36,226,"informal","pl","sg",1
36,290,"informal","pl","sg",1
36,354,"informal","pl","sg",1
36,418,"informal","pl","sg",1
36,482,"informal","pl","sg",1
36,299,"informal","sg","pl",1
36,363,"informal","sg","pl",0
36,427,"informal","sg","pl",1
36,491,"informal","sg","pl",0
36,308,"informal","sg","sg",1
36,372,"informal","sg","sg",1
36,436,"informal","sg","sg",0
36,500,"informal","sg","sg",1
37,197,"formal","pl","pl",0
37,261,"formal","pl","pl",0
37,325,"formal","pl","pl",0
37,389,"formal","pl","pl",0
37,453,"formal","pl","pl",1
37,206,"formal","pl","sg",1
37,270,"formal","pl","sg",1
37,334,"formal","pl","sg",1
37,398,"formal","pl","sg",1
37,462,"formal","pl","sg",1
37,215,"formal","sg","pl",0
37,279,"formal","sg","pl",0
37,343,"formal","sg","pl",0
37,407,"formal","sg","pl",0
37,471,"formal","sg","pl",0
37,224,"formal","sg","sg",1
37,288,"formal","sg","sg",1
37,352,"formal","sg","sg",1
37,416,"formal","sg","sg",1
37,480,"formal","sg","sg",1
37,233,"informal","pl","pl",0
37,297,"informal","pl","pl",0
37,361,"informal","pl","pl",1
37,425,"informal","pl","pl",1
37,489,"informal","pl","pl",0
37,242,"informal","pl","sg",1
37,306,"informal","pl","sg",1
37,370,"informal","pl","sg",1
37,434,"informal","pl","sg",1
37,498,"informal","pl","sg",1
37,187,"informal","sg","pl",0
37,251,"informal","sg","pl",0
37,315,"informal","sg","pl",0
37,379,"informal","sg","pl",0
37,443,"informal","sg","pl",0
37,196,"informal","sg","sg",1
37,260,"informal","sg","sg",1
37,324,"informal","sg","sg",0
37,388,"informal","sg","sg",1
37,452,"informal","sg","sg",1
38,189,"formal","pl","pl",1
38,253,"formal","pl","pl",0
38,317,"formal","pl","pl",0
38,381,"formal","pl","pl",1
38,445,"formal","pl","pl",0
38,198,"formal","pl","sg",1
38,262,"formal","pl","sg",1
38,326,"formal","pl","sg",1
38,390,"formal","pl","sg",1
38,454,"formal","pl","sg",1
38,207,"formal","sg","pl",0
38,271,"formal","sg","pl",0
38,335,"formal","sg","pl",0
38,399,"formal","sg","pl",1
38,463,"formal","sg","pl",1
38,216,"formal","sg","sg",1
38,280,"formal","sg","sg",1
38,344,"formal","sg","sg",1
38,408,"formal","sg","sg",1
38,472,"formal","sg","sg",1
38,289,"informal","pl","pl",1
38,353,"informal","pl","pl",1
38,417,"informal","pl","pl",1
38,481,"informal","pl","pl",0
38,234,"informal","pl","sg",1
38,298,"informal","pl","sg",1
38,362,"informal","pl","sg",1
38,426,"informal","pl","sg",1
38,490,"informal","pl","sg",1
38,243,"informal","sg","pl",0
38,307,"informal","sg","pl",0
38,371,"informal","sg","pl",0
38,435,"informal","sg","pl",1
38,499,"informal","sg","pl",1
38,188,"informal","sg","sg",1
38,252,"informal","sg","sg",1
38,316,"informal","sg","sg",1
38,380,"informal","sg","sg",1
38,444,"informal","sg","sg",1
39,181,"formal","pl","pl",1
39,245,"formal","pl","pl",1
39,373,"formal","pl","pl",1
39,437,"formal","pl","pl",0
39,190,"formal","pl","sg",1
39,254,"formal","pl","sg",1
39,318,"formal","pl","sg",1
39,382,"formal","pl","sg",1
39,446,"formal","pl","sg",1
39,199,"formal","sg","pl",1
39,263,"formal","sg","pl",0
39,327,"formal","sg","pl",1
39,391,"formal","sg","pl",1
39,455,"formal","sg","pl",1
39,208,"formal","sg","sg",1
39,272,"formal","sg","sg",1
39,336,"formal","sg","sg",1
39,400,"formal","sg","sg",1
39,464,"formal","sg","sg",1
39,217,"informal","pl","pl",0
39,281,"informal","pl","pl",0
39,345,"informal","pl","pl",0
39,409,"informal","pl","pl",0
39,473,"informal","pl","pl",0
39,226,"informal","pl","sg",0
39,290,"informal","pl","sg",0
39,354,"informal","pl","sg",0
39,418,"informal","pl","sg",0
39,482,"informal","pl","sg",0
39,235,"informal","sg","pl",0
39,299,"informal","sg","pl",0
39,363,"informal","sg","pl",0
39,427,"informal","sg","pl",0
39,491,"informal","sg","pl",0
39,244,"informal","sg","sg",0
39,308,"informal","sg","sg",0
39,372,"informal","sg","sg",0
39,436,"informal","sg","sg",0
39,500,"informal","sg","sg",0
40,237,"formal","pl","pl",0
40,301,"formal","pl","pl",0
40,365,"formal","pl","pl",1
40,429,"formal","pl","pl",1
40,493,"formal","pl","pl",0
40,182,"formal","pl","sg",1
40,246,"formal","pl","sg",0
40,310,"formal","pl","sg",1
40,374,"formal","pl","sg",1
40,438,"formal","pl","sg",1
40,191,"formal","sg","pl",0
40,255,"formal","sg","pl",0
40,319,"formal","sg","pl",1
40,383,"formal","sg","pl",1
40,447,"formal","sg","pl",0
40,200,"formal","sg","sg",1
40,264,"formal","sg","sg",1
40,328,"formal","sg","sg",1
40,392,"formal","sg","sg",1
40,456,"formal","sg","sg",1
40,209,"informal","pl","pl",0
40,273,"informal","pl","pl",0
40,337,"informal","pl","pl",0
40,401,"informal","pl","pl",0
40,465,"informal","pl","pl",0
40,218,"informal","pl","sg",1
40,282,"informal","pl","sg",0
40,346,"informal","pl","sg",1
40,410,"informal","pl","sg",0
40,474,"informal","pl","sg",1
40,227,"informal","sg","pl",0
40,291,"informal","sg","pl",1
40,355,"informal","sg","pl",1
40,419,"informal","sg","pl",0
40,483,"informal","sg","pl",0
40,236,"informal","sg","sg",1
40,300,"informal","sg","sg",1
40,364,"informal","sg","sg",1
40,428,"informal","sg","sg",1
40,492,"informal","sg","sg",1
41,229,"formal","pl","pl",0
41,293,"formal","pl","pl",0
41,357,"formal","pl","pl",0
41,421,"formal","pl","pl",0
41,485,"formal","pl","pl",0
41,238,"formal","pl","sg",0
41,302,"formal","pl","sg",0
41,366,"formal","pl","sg",1
41,430,"formal","pl","sg",0
41,494,"formal","pl","sg",0
41,183,"formal","sg","pl",0
41,247,"formal","sg","pl",0
41,311,"formal","sg","pl",1
41,375,"formal","sg","pl",1
41,439,"formal","sg","pl",0
41,192,"formal","sg","sg",0
41,256,"formal","sg","sg",0
41,320,"formal","sg","sg",1
41,384,"formal","sg","sg",1
41,448,"formal","sg","sg",0
41,201,"informal","pl","pl",0
41,265,"informal","pl","pl",0
41,329,"informal","pl","pl",0
41,393,"informal","pl","pl",0
41,457,"informal","pl","pl",0
41,210,"informal","pl","sg",0
41,274,"informal","pl","sg",0
41,338,"informal","pl","sg",0
41,402,"informal","pl","sg",0
41,466,"informal","pl","sg",0
41,219,"informal","sg","pl",0
41,283,"informal","sg","pl",0
41,347,"informal","sg","pl",0
41,411,"informal","sg","pl",0
41,475,"informal","sg","pl",0
41,228,"informal","sg","sg",0
41,292,"informal","sg","sg",1
41,356,"informal","sg","sg",0
41,420,"informal","sg","sg",0
41,484,"informal","sg","sg",0
42,221,"formal","pl","pl",0
42,285,"formal","pl","pl",1
42,349,"formal","pl","pl",1
42,413,"formal","pl","pl",1
42,477,"formal","pl","pl",0
42,230,"formal","pl","sg",1
42,294,"formal","pl","sg",1
42,358,"formal","pl","sg",1
42,422,"formal","pl","sg",1
42,486,"formal","pl","sg",1
42,239,"formal","sg","pl",0
42,303,"formal","sg","pl",1
42,367,"formal","sg","pl",0
42,431,"formal","sg","pl",0
42,495,"formal","sg","pl",1
42,184,"formal","sg","sg",1
42,248,"formal","sg","sg",1
42,312,"formal","sg","sg",1
42,376,"formal","sg","sg",1
42,440,"formal","sg","sg",1
42,193,"informal","pl","pl",0
42,257,"informal","pl","pl",0
42,321,"informal","pl","pl",1
42,385,"informal","pl","pl",0
42,449,"informal","pl","pl",1
42,202,"informal","pl","sg",1
42,266,"informal","pl","sg",0
42,330,"informal","pl","sg",1
42,394,"informal","pl","sg",1
42,458,"informal","pl","sg",1
42,211,"informal","sg","pl",0
42,275,"informal","sg","pl",1
42,339,"informal","sg","pl",0
42,403,"informal","sg","pl",0
42,467,"informal","sg","pl",0
42,220,"informal","sg","sg",1
42,284,"informal","sg","sg",1
42,348,"informal","sg","sg",1
42,412,"informal","sg","sg",1
42,476,"informal","sg","sg",0
43,205,"formal","pl","pl",0
43,269,"formal","pl","pl",1
43,333,"formal","pl","pl",0
43,397,"formal","pl","pl",0
43,461,"formal","pl","pl",0
43,214,"formal","pl","sg",1
43,278,"formal","pl","sg",1
43,342,"formal","pl","sg",1
43,406,"formal","pl","sg",0
43,470,"formal","pl","sg",0
43,223,"formal","sg","pl",0
43,287,"formal","sg","pl",0
43,351,"formal","sg","pl",0
43,415,"formal","sg","pl",0
43,479,"formal","sg","pl",0
43,232,"formal","sg","sg",1
43,296,"formal","sg","sg",1
43,360,"formal","sg","sg",1
43,424,"formal","sg","sg",1
43,488,"formal","sg","sg",1
43,241,"informal","pl","pl",0
43,305,"informal","pl","pl",0
43,369,"informal","pl","pl",0
43,433,"informal","pl","pl",0
43,497,"informal","pl","pl",0
43,186,"informal","pl","sg",0
43,250,"informal","pl","sg",0
43,314,"informal","pl","sg",0
43,378,"informal","pl","sg",1
43,442,"informal","pl","sg",0
43,195,"informal","sg","pl",0
43,259,"informal","sg","pl",0
43,323,"informal","sg","pl",0
43,387,"informal","sg","pl",0
43,451,"informal","sg","pl",0
43,204,"informal","sg","sg",1
43,268,"informal","sg","sg",0
43,332,"informal","sg","sg",1
43,396,"informal","sg","sg",1
43,460,"informal","sg","sg",0
44,197,"formal","pl","pl",1
44,261,"formal","pl","pl",1
44,325,"formal","pl","pl",0
44,389,"formal","pl","pl",0
44,453,"formal","pl","pl",0
44,206,"formal","pl","sg",1
44,270,"formal","pl","sg",1
44,334,"formal","pl","sg",0
44,398,"formal","pl","sg",1
44,462,"formal","pl","sg",1
44,215,"formal","sg","pl",1
44,279,"formal","sg","pl",1
44,343,"formal","sg","pl",1
44,407,"formal","sg","pl",1
44,471,"formal","sg","pl",1
44,224,"formal","sg","sg",1
44,288,"formal","sg","sg",0
44,352,"formal","sg","sg",1
44,416,"formal","sg","sg",1
44,480,"formal","sg","sg",1
44,233,"informal","pl","pl",0
44,297,"informal","pl","pl",1
44,361,"informal","pl","pl",1
44,425,"informal","pl","pl",0
44,489,"informal","pl","pl",0
44,242,"informal","pl","sg",1
44,306,"informal","pl","sg",0
44,370,"informal","pl","sg",0
44,434,"informal","pl","sg",0
44,498,"informal","pl","sg",0
44,187,"informal","sg","pl",0
44,251,"informal","sg","pl",0
44,315,"informal","sg","pl",0
44,379,"informal","sg","pl",0
44,443,"informal","sg","pl",0
44,196,"informal","sg","sg",1
44,260,"informal","sg","sg",1
44,324,"informal","sg","sg",1
44,388,"informal","sg","sg",1
44,452,"informal","sg","sg",0
45,189,"formal","pl","pl",0
45,253,"formal","pl","pl",0
45,317,"formal","pl","pl",0
45,381,"formal","pl","pl",0
45,445,"formal","pl","pl",1
45,198,"formal","pl","sg",1
45,262,"formal","pl","sg",1
45,326,"formal","pl","sg",1
45,390,"formal","pl","sg",1
45,454,"formal","pl","sg",1
45,207,"formal","sg","pl",1
45,271,"formal","sg","pl",0
45,335,"formal","sg","pl",0
45,399,"formal","sg","pl",0
45,463,"formal","sg","pl",0
45,216,"formal","sg","sg",1
45,280,"formal","sg","sg",1
45,344,"formal","sg","sg",1
45,408,"formal","sg","sg",1
45,472,"formal","sg","sg",1
45,225,"informal","pl","pl",1
45,289,"informal","pl","pl",1
45,353,"informal","pl","pl",0
45,417,"informal","pl","pl",1
45,481,"informal","pl","pl",0
45,234,"informal","pl","sg",1
45,298,"informal","pl","sg",0
45,362,"informal","pl","sg",1
45,426,"informal","pl","sg",1
45,490,"informal","pl","sg",0
45,243,"informal","sg","pl",1
45,307,"informal","sg","pl",0
45,371,"informal","sg","pl",0
45,435,"informal","sg","pl",0
45,499,"informal","sg","pl",0
45,188,"informal","sg","sg",1
45,252,"informal","sg","sg",1
45,316,"informal","sg","sg",1
45,380,"informal","sg","sg",1
45,444,"informal","sg","sg",1
46,221,"formal","pl","pl",0
46,285,"formal","pl","pl",0
46,349,"formal","pl","pl",0
46,413,"formal","pl","pl",0
46,477,"formal","pl","pl",0
46,230,"formal","pl","sg",1
46,294,"formal","pl","sg",1
46,358,"formal","pl","sg",1
46,422,"formal","pl","sg",1
46,486,"formal","pl","sg",1
46,239,"formal","sg","pl",0
46,367,"formal","sg","pl",0
46,431,"formal","sg","pl",0
46,495,"formal","sg","pl",0
46,184,"formal","sg","sg",1
46,248,"formal","sg","sg",1
46,312,"formal","sg","sg",1
46,376,"formal","sg","sg",1
46,440,"formal","sg","sg",1
46,193,"informal","pl","pl",0
46,257,"informal","pl","pl",0
46,321,"informal","pl","pl",0
46,385,"informal","pl","pl",1
46,449,"informal","pl","pl",0
46,202,"informal","pl","sg",1
46,266,"informal","pl","sg",1
46,330,"informal","pl","sg",1
46,394,"informal","pl","sg",1
46,458,"informal","pl","sg",1
46,211,"informal","sg","pl",0
46,275,"informal","sg","pl",0
46,339,"informal","sg","pl",1
46,403,"informal","sg","pl",0
46,467,"informal","sg","pl",1
46,220,"informal","sg","sg",1
46,284,"informal","sg","sg",1
46,348,"informal","sg","sg",1
46,412,"informal","sg","sg",1
46,476,"informal","sg","sg",1
47,237,"formal","pl","pl",1
47,301,"formal","pl","pl",0
47,365,"formal","pl","pl",0
47,429,"formal","pl","pl",1
47,493,"formal","pl","pl",0
47,182,"formal","pl","sg",1
47,246,"formal","pl","sg",1
47,310,"formal","pl","sg",1
47,374,"formal","pl","sg",1
47,438,"formal","pl","sg",1
47,255,"formal","sg","pl",0
47,319,"formal","sg","pl",0
47,383,"formal","sg","pl",1
47,447,"formal","sg","pl",0
47,200,"formal","sg","sg",1
47,264,"formal","sg","sg",1
47,328,"formal","sg","sg",1
47,392,"formal","sg","sg",1
47,456,"formal","sg","sg",1
47,209,"informal","pl","pl",0
47,273,"informal","pl","pl",0
47,337,"informal","pl","pl",1
47,465,"informal","pl","pl",0
47,218,"informal","pl","sg",1
47,282,"informal","pl","sg",1
47,346,"informal","pl","sg",1
47,410,"informal","pl","sg",1
47,474,"informal","pl","sg",1
47,227,"informal","sg","pl",1
47,291,"informal","sg","pl",0
47,355,"informal","sg","pl",0
47,419,"informal","sg","pl",1
47,483,"informal","sg","pl",0
47,236,"informal","sg","sg",1
47,300,"informal","sg","sg",1
47,364,"informal","sg","sg",1
47,428,"informal","sg","sg",1
47,492,"informal","sg","sg",1
48,229,"formal","pl","pl",0
48,293,"formal","pl","pl",0
48,357,"formal","pl","pl",0
48,421,"formal","pl","pl",0
48,485,"formal","pl","pl",1
48,238,"formal","pl","sg",1
48,302,"formal","pl","sg",1
48,366,"formal","pl","sg",0
48,430,"formal","pl","sg",1
48,494,"formal","pl","sg",1
48,183,"formal","sg","pl",0
48,247,"formal","sg","pl",0
48,311,"formal","sg","pl",0
48,375,"formal","sg","pl",1
48,439,"formal","sg","pl",0
48,192,"formal","sg","sg",0
48,256,"formal","sg","sg",1
48,320,"formal","sg","sg",1
48,448,"formal","sg","sg",1
48,201,"informal","pl","pl",0
48,265,"informal","pl","pl",1
48,329,"informal","pl","pl",0
48,393,"informal","pl","pl",0
48,457,"informal","pl","pl",0
48,274,"informal","pl","sg",1
48,338,"informal","pl","sg",1
48,402,"informal","pl","sg",1
48,466,"informal","pl","sg",1
48,219,"informal","sg","pl",1
48,283,"informal","sg","pl",0
48,347,"informal","sg","pl",0
48,411,"informal","sg","pl",0
48,475,"informal","sg","pl",1
48,228,"informal","sg","sg",0
48,292,"informal","sg","sg",1
48,420,"informal","sg","sg",1
48,484,"informal","sg","sg",0
49,221,"formal","pl","pl",0
49,285,"formal","pl","pl",0
49,349,"formal","pl","pl",0
49,413,"formal","pl","pl",0
49,477,"formal","pl","pl",0
49,230,"formal","pl","sg",1
49,294,"formal","pl","sg",1
49,358,"formal","pl","sg",1
49,422,"formal","pl","sg",1
49,486,"formal","pl","sg",1
49,239,"formal","sg","pl",1
49,303,"formal","sg","pl",0
49,367,"formal","sg","pl",0
49,431,"formal","sg","pl",1
49,495,"formal","sg","pl",0
49,184,"formal","sg","sg",1
49,248,"formal","sg","sg",1
49,312,"formal","sg","sg",1
49,376,"formal","sg","sg",1
49,440,"formal","sg","sg",1
49,193,"informal","pl","pl",0
49,257,"informal","pl","pl",0
49,321,"informal","pl","pl",0
49,385,"informal","pl","pl",1
49,449,"informal","pl","pl",0
49,202,"informal","pl","sg",1
49,266,"informal","pl","sg",0
49,330,"informal","pl","sg",1
49,394,"informal","pl","sg",0
49,458,"informal","pl","sg",0
49,211,"informal","sg","pl",0
49,275,"informal","sg","pl",1
49,339,"informal","sg","pl",1
49,403,"informal","sg","pl",1
49,467,"informal","sg","pl",0
49,220,"informal","sg","sg",1
49,284,"informal","sg","sg",1
49,348,"informal","sg","sg",0
49,476,"informal","sg","sg",0
50,213,"formal","pl","pl",1
50,277,"formal","pl","pl",1
50,341,"formal","pl","pl",1
50,405,"formal","pl","pl",1
50,469,"formal","pl","pl",1
50,222,"formal","pl","sg",0
50,286,"formal","pl","sg",1
50,350,"formal","pl","sg",1
50,414,"formal","pl","sg",1
50,478,"formal","pl","sg",1
50,231,"formal","sg","pl",1
50,295,"formal","sg","pl",1
50,359,"formal","sg","pl",1
50,423,"formal","sg","pl",0
50,487,"formal","sg","pl",1
50,240,"formal","sg","sg",0
50,304,"formal","sg","sg",1
50,368,"formal","sg","sg",1
50,432,"formal","sg","sg",1
50,496,"formal","sg","sg",1
50,185,"informal","pl","pl",0
50,249,"informal","pl","pl",1
50,313,"informal","pl","pl",0
50,377,"informal","pl","pl",1
50,441,"informal","pl","pl",1
50,194,"informal","pl","sg",1
50,258,"informal","pl","sg",0
50,322,"informal","pl","sg",1
50,386,"informal","pl","sg",1
50,450,"informal","pl","sg",1
50,203,"informal","sg","pl",1
50,267,"informal","sg","pl",0
50,331,"informal","sg","pl",1
50,395,"informal","sg","pl",1
50,459,"informal","sg","pl",0
50,212,"informal","sg","sg",1
50,276,"informal","sg","sg",1
50,340,"informal","sg","sg",1
50,404,"informal","sg","sg",1
50,468,"informal","sg","sg",1
51,205,"formal","pl","pl",0
51,269,"formal","pl","pl",0
51,333,"formal","pl","pl",1
51,397,"formal","pl","pl",1
51,461,"formal","pl","pl",0
51,214,"formal","pl","sg",1
51,278,"formal","pl","sg",1
51,342,"formal","pl","sg",1
51,406,"formal","pl","sg",1
51,470,"formal","pl","sg",0
51,287,"formal","sg","pl",1
51,351,"formal","sg","pl",0
51,415,"formal","sg","pl",0
51,479,"formal","sg","pl",1
51,232,"formal","sg","sg",1
51,296,"formal","sg","sg",1
51,360,"formal","sg","sg",1
51,424,"formal","sg","sg",0
51,488,"formal","sg","sg",0
51,241,"informal","pl","pl",0
51,305,"informal","pl","pl",0
51,369,"informal","pl","pl",1
51,433,"informal","pl","pl",0
51,497,"informal","pl","pl",0
51,186,"informal","pl","sg",1
51,250,"informal","pl","sg",1
51,314,"informal","pl","sg",1
51,378,"informal","pl","sg",0
51,442,"informal","pl","sg",1
51,195,"informal","sg","pl",0
51,259,"informal","sg","pl",0
51,323,"informal","sg","pl",0
51,387,"informal","sg","pl",1
51,451,"informal","sg","pl",0
51,204,"informal","sg","sg",1
51,268,"informal","sg","sg",1
51,332,"informal","sg","sg",1
51,396,"informal","sg","sg",1
51,460,"informal","sg","sg",1
52,197,"formal","pl","pl",1
52,261,"formal","pl","pl",1
52,325,"formal","pl","pl",0
52,389,"formal","pl","pl",0
52,453,"formal","pl","pl",1
52,206,"formal","pl","sg",1
52,270,"formal","pl","sg",1
52,334,"formal","pl","sg",1
52,398,"formal","pl","sg",1
52,462,"formal","pl","sg",1
52,215,"formal","sg","pl",1
52,279,"formal","sg","pl",1
52,343,"formal","sg","pl",1
52,407,"formal","sg","pl",1
52,471,"formal","sg","pl",0
52,224,"formal","sg","sg",1
52,288,"formal","sg","sg",1
52,352,"formal","sg","sg",1
52,416,"formal","sg","sg",1
52,480,"formal","sg","sg",1
52,233,"informal","pl","pl",0
52,297,"informal","pl","pl",0
52,361,"informal","pl","pl",0
52,425,"informal","pl","pl",1
52,489,"informal","pl","pl",0
52,242,"informal","pl","sg",1
52,306,"informal","pl","sg",0
52,370,"informal","pl","sg",0
52,434,"informal","pl","sg",0
52,498,"informal","pl","sg",1
52,187,"informal","sg","pl",0
52,251,"informal","sg","pl",0
52,315,"informal","sg","pl",0
52,379,"informal","sg","pl",0
52,443,"informal","sg","pl",0
52,196,"informal","sg","sg",1
52,324,"informal","sg","sg",1
52,388,"informal","sg","sg",1
52,452,"informal","sg","sg",1
53,189,"formal","pl","pl",1
53,253,"formal","pl","pl",0
53,317,"formal","pl","pl",0
53,381,"formal","pl","pl",0
53,445,"formal","pl","pl",0
53,198,"formal","pl","sg",1
53,262,"formal","pl","sg",1
53,326,"formal","pl","sg",1
53,390,"formal","pl","sg",0
53,454,"formal","pl","sg",1
53,207,"formal","sg","pl",0
53,271,"formal","sg","pl",0
53,335,"formal","sg","pl",0
53,399,"formal","sg","pl",0
53,463,"formal","sg","pl",0
53,216,"formal","sg","sg",1
53,280,"formal","sg","sg",1
53,344,"formal","sg","sg",1
53,408,"formal","sg","sg",1
53,472,"formal","sg","sg",1
53,225,"informal","pl","pl",0
53,289,"informal","pl","pl",0
53,353,"informal","pl","pl",0
53,417,"informal","pl","pl",0
53,481,"informal","pl","pl",0
53,234,"informal","pl","sg",1
53,298,"informal","pl","sg",1
53,362,"informal","pl","sg",1
53,426,"informal","pl","sg",1
53,490,"informal","pl","sg",1
53,243,"informal","sg","pl",0
53,307,"informal","sg","pl",1
53,371,"informal","sg","pl",0
53,435,"informal","sg","pl",1
53,499,"informal","sg","pl",0
53,188,"informal","sg","sg",0
53,252,"informal","sg","sg",1
53,316,"informal","sg","sg",1
53,380,"informal","sg","sg",0
53,444,"informal","sg","sg",1
54,205,"formal","pl","pl",1
54,269,"formal","pl","pl",0
54,333,"formal","pl","pl",0
54,397,"formal","pl","pl",0
54,461,"formal","pl","pl",0
54,214,"formal","pl","sg",1
54,278,"formal","pl","sg",1
54,342,"formal","pl","sg",1
54,406,"formal","pl","sg",1
54,470,"formal","pl","sg",1
54,223,"formal","sg","pl",0
54,287,"formal","sg","pl",0
54,351,"formal","sg","pl",0
54,415,"formal","sg","pl",0
54,479,"formal","sg","pl",0
54,232,"formal","sg","sg",1
54,296,"formal","sg","sg",1
54,360,"formal","sg","sg",1
54,424,"formal","sg","sg",1
54,488,"formal","sg","sg",0
54,241,"informal","pl","pl",0
54,305,"informal","pl","pl",0
54,369,"informal","pl","pl",0
54,433,"informal","pl","pl",0
54,497,"informal","pl","pl",0
54,186,"informal","pl","sg",1
54,250,"informal","pl","sg",0
54,314,"informal","pl","sg",1
54,378,"informal","pl","sg",1
54,442,"informal","pl","sg",1
54,195,"informal","sg","pl",0
54,259,"informal","sg","pl",0
54,323,"informal","sg","pl",0
54,387,"informal","sg","pl",0
54,451,"informal","sg","pl",0
54,204,"informal","sg","sg",1
54,268,"informal","sg","sg",1
54,332,"informal","sg","sg",1
54,396,"informal","sg","sg",1
54,460,"informal","sg","sg",1
55,237,"formal","pl","pl",1
55,301,"formal","pl","pl",0
55,365,"formal","pl","pl",0
55,429,"formal","pl","pl",0
55,493,"formal","pl","pl",1
55,182,"formal","pl","sg",1
55,246,"formal","pl","sg",1
55,310,"formal","pl","sg",1
55,374,"formal","pl","sg",0
55,438,"formal","pl","sg",0
55,191,"formal","sg","pl",0
55,255,"formal","sg","pl",0
55,319,"formal","sg","pl",0
55,383,"formal","sg","pl",0
55,447,"formal","sg","pl",0
55,200,"formal","sg","sg",1
55,264,"formal","sg","sg",0
55,328,"formal","sg","sg",0
55,392,"formal","sg","sg",1
55,456,"formal","sg","sg",1
55,209,"informal","pl","pl",0
55,273,"informal","pl","pl",0
55,337,"informal","pl","pl",0
55,401,"informal","pl","pl",1
55,465,"informal","pl","pl",0
55,218,"informal","pl","sg",1
55,282,"informal","pl","sg",1
55,346,"informal","pl","sg",1
55,410,"informal","pl","sg",1
55,474,"informal","pl","sg",1
55,227,"informal","sg","pl",0
55,291,"informal","sg","pl",1
55,355,"informal","sg","pl",0
55,419,"informal","sg","pl",0
55,483,"informal","sg","pl",0
55,236,"informal","sg","sg",0
55,300,"informal","sg","sg",1
55,364,"informal","sg","sg",1
55,428,"informal","sg","sg",1
55,492,"informal","sg","sg",1
56,229,"formal","pl","pl",1
56,293,"formal","pl","pl",1
56,357,"formal","pl","pl",1
56,421,"formal","pl","pl",1
56,485,"formal","pl","pl",1
56,238,"formal","pl","sg",1
56,302,"formal","pl","sg",1
56,366,"formal","pl","sg",1
56,430,"formal","pl","sg",1
56,494,"formal","pl","sg",1
56,183,"formal","sg","pl",1
56,247,"formal","sg","pl",1
56,311,"formal","sg","pl",1
56,375,"formal","sg","pl",1
56,439,"formal","sg","pl",1
56,192,"formal","sg","sg",1
56,256,"formal","sg","sg",1
56,320,"formal","sg","sg",1
56,384,"formal","sg","sg",1
56,448,"formal","sg","sg",1
56,201,"informal","pl","pl",0
56,265,"informal","pl","pl",0
56,329,"informal","pl","pl",0
56,393,"informal","pl","pl",0
56,457,"informal","pl","pl",0
56,210,"informal","pl","sg",1
56,274,"informal","pl","sg",1
56,338,"informal","pl","sg",1
56,402,"informal","pl","sg",1
56,466,"informal","pl","sg",1
56,219,"informal","sg","pl",0
56,283,"informal","sg","pl",0
56,347,"informal","sg","pl",0
56,411,"informal","sg","pl",0
56,475,"informal","sg","pl",0
56,228,"informal","sg","sg",1
56,292,"informal","sg","sg",1
56,356,"informal","sg","sg",1
56,420,"informal","sg","sg",1
56,484,"informal","sg","sg",1
57,221,"formal","pl","pl",0
57,285,"formal","pl","pl",0
57,349,"formal","pl","pl",0
57,477,"formal","pl","pl",0
57,230,"formal","pl","sg",1
57,294,"formal","pl","sg",1
57,358,"formal","pl","sg",1
57,422,"formal","pl","sg",1
57,486,"formal","pl","sg",1
57,239,"formal","sg","pl",0
57,303,"formal","sg","pl",0
57,367,"formal","sg","pl",0
57,431,"formal","sg","pl",0
57,495,"formal","sg","pl",0
57,184,"formal","sg","sg",1
57,248,"formal","sg","sg",1
57,312,"formal","sg","sg",1
57,376,"formal","sg","sg",1
57,440,"formal","sg","sg",1
57,193,"informal","pl","pl",0
57,257,"informal","pl","pl",0
57,321,"informal","pl","pl",0
57,385,"informal","pl","pl",0
57,449,"informal","pl","pl",0
57,202,"informal","pl","sg",1
57,266,"informal","pl","sg",1
57,330,"informal","pl","sg",1
57,394,"informal","pl","sg",1
57,458,"informal","pl","sg",1
57,211,"informal","sg","pl",0
57,275,"informal","sg","pl",0
57,339,"informal","sg","pl",0
57,403,"informal","sg","pl",0
57,467,"informal","sg","pl",0
57,220,"informal","sg","sg",1
57,284,"informal","sg","sg",1
57,348,"informal","sg","sg",1
57,412,"informal","sg","sg",1
57,476,"informal","sg","sg",1
58,213,"formal","pl","pl",1
58,277,"formal","pl","pl",0
58,341,"formal","pl","pl",0
58,405,"formal","pl","pl",0
58,469,"formal","pl","pl",0
58,222,"formal","pl","sg",1
58,286,"formal","pl","sg",1
58,350,"formal","pl","sg",1
58,414,"formal","pl","sg",1
58,478,"formal","pl","sg",1
58,231,"formal","sg","pl",0
58,295,"formal","sg","pl",0
58,359,"formal","sg","pl",1
58,423,"formal","sg","pl",1
58,487,"formal","sg","pl",0
58,240,"formal","sg","sg",1
58,304,"formal","sg","sg",1
58,368,"formal","sg","sg",1
58,432,"formal","sg","sg",1
58,496,"formal","sg","sg",1
58,185,"informal","pl","pl",0
58,249,"informal","pl","pl",0
58,313,"informal","pl","pl",0
58,377,"informal","pl","pl",0
58,441,"informal","pl","pl",0
58,194,"informal","pl","sg",0
58,258,"informal","pl","sg",1
58,322,"informal","pl","sg",1
58,386,"informal","pl","sg",1
58,450,"informal","pl","sg",1
58,267,"informal","sg","pl",0
58,331,"informal","sg","pl",0
58,395,"informal","sg","pl",0
58,459,"informal","sg","pl",0
58,212,"informal","sg","sg",0
58,276,"informal","sg","sg",1
58,340,"informal","sg","sg",0
58,404,"informal","sg","sg",1
58,468,"informal","sg","sg",1
59,205,"formal","pl","pl",0
59,269,"formal","pl","pl",0
59,333,"formal","pl","pl",0
59,397,"formal","pl","pl",0
59,461,"formal","pl","pl",0
59,214,"formal","pl","sg",1
59,278,"formal","pl","sg",1
59,342,"formal","pl","sg",1
59,406,"formal","pl","sg",1
59,470,"formal","pl","sg",1
59,223,"formal","sg","pl",0
59,287,"formal","sg","pl",1
59,351,"formal","sg","pl",0
59,415,"formal","sg","pl",0
59,479,"formal","sg","pl",0
59,232,"formal","sg","sg",1
59,296,"formal","sg","sg",1
59,360,"formal","sg","sg",1
59,424,"formal","sg","sg",1
59,488,"formal","sg","sg",1
59,241,"informal","pl","pl",0
59,305,"informal","pl","pl",0
59,369,"informal","pl","pl",0
59,433,"informal","pl","pl",0
59,497,"informal","pl","pl",0
59,186,"informal","pl","sg",1
59,250,"informal","pl","sg",1
59,314,"informal","pl","sg",1
59,378,"informal","pl","sg",1
59,442,"informal","pl","sg",1
59,195,"informal","sg","pl",0
59,259,"informal","sg","pl",0
59,323,"informal","sg","pl",0
59,387,"informal","sg","pl",0
59,451,"informal","sg","pl",0
59,204,"informal","sg","sg",1
59,268,"informal","sg","sg",1
59,332,"informal","sg","sg",1
59,396,"informal","sg","sg",1
59,460,"informal","sg","sg",1
60,205,"formal","pl","pl",0
60,269,"formal","pl","pl",0
60,333,"formal","pl","pl",0
60,397,"formal","pl","pl",0
60,461,"formal","pl","pl",0
60,214,"formal","pl","sg",1
60,278,"formal","pl","sg",1
60,342,"formal","pl","sg",1
60,406,"formal","pl","sg",1
60,470,"formal","pl","sg",1
60,223,"formal","sg","pl",0
60,287,"formal","sg","pl",0
60,351,"formal","sg","pl",0
60,415,"formal","sg","pl",0
60,479,"formal","sg","pl",1
60,232,"formal","sg","sg",1
60,296,"formal","sg","sg",1
60,360,"formal","sg","sg",1
60,424,"formal","sg","sg",1
60,488,"formal","sg","sg",1
60,241,"informal","pl","pl",0
60,305,"informal","pl","pl",0
60,369,"informal","pl","pl",0
60,433,"informal","pl","pl",0
60,497,"informal","pl","pl",1
60,186,"informal","pl","sg",1
60,250,"informal","pl","sg",1
60,314,"informal","pl","sg",1
60,378,"informal","pl","sg",1
60,442,"informal","pl","sg",1
60,195,"informal","sg","pl",0
60,259,"informal","sg","pl",0
60,323,"informal","sg","pl",0
60,387,"informal","sg","pl",0
60,451,"informal","sg","pl",0
60,204,"informal","sg","sg",1
60,268,"informal","sg","sg",1
60,332,"informal","sg","sg",1
60,396,"informal","sg","sg",1
60,460,"informal","sg","sg",1
61,197,"formal","pl","pl",0
61,261,"formal","pl","pl",0
61,325,"formal","pl","pl",0
61,389,"formal","pl","pl",0
61,453,"formal","pl","pl",0
61,206,"formal","pl","sg",0
61,270,"formal","pl","sg",1
61,334,"formal","pl","sg",1
61,398,"formal","pl","sg",0
61,462,"formal","pl","sg",1
61,215,"formal","sg","pl",0
61,279,"formal","sg","pl",0
61,343,"formal","sg","pl",0
61,407,"formal","sg","pl",0
61,471,"formal","sg","pl",1
61,224,"formal","sg","sg",0
61,352,"formal","sg","sg",1
61,416,"formal","sg","sg",1
61,480,"formal","sg","sg",1
61,233,"informal","pl","pl",0
61,297,"informal","pl","pl",1
61,361,"informal","pl","pl",0
61,425,"informal","pl","pl",0
61,489,"informal","pl","pl",0
61,242,"informal","pl","sg",1
61,306,"informal","pl","sg",0
61,370,"informal","pl","sg",0
61,434,"informal","pl","sg",1
61,498,"informal","pl","sg",1
61,187,"informal","sg","pl",0
61,251,"informal","sg","pl",1
61,315,"informal","sg","pl",1
61,379,"informal","sg","pl",0
61,443,"informal","sg","pl",0
61,196,"informal","sg","sg",1
61,260,"informal","sg","sg",1
61,324,"informal","sg","sg",0
61,388,"informal","sg","sg",1
61,452,"informal","sg","sg",0
62,181,"formal","pl","pl",0
62,245,"formal","pl","pl",0
62,309,"formal","pl","pl",1
62,373,"formal","pl","pl",1
62,437,"formal","pl","pl",1
62,190,"formal","pl","sg",1
62,254,"formal","pl","sg",1
62,318,"formal","pl","sg",1
62,382,"formal","pl","sg",1
62,446,"formal","pl","sg",1
62,199,"formal","sg","pl",0
62,263,"formal","sg","pl",0
62,327,"formal","sg","pl",0
62,391,"formal","sg","pl",0
62,455,"formal","sg","pl",0
62,208,"formal","sg","sg",1
62,272,"formal","sg","sg",1
62,336,"formal","sg","sg",1
62,400,"formal","sg","sg",1
62,464,"formal","sg","sg",1
62,217,"informal","pl","pl",1
62,281,"informal","pl","pl",0
62,345,"informal","pl","pl",0
62,409,"informal","pl","pl",1
62,473,"informal","pl","pl",1
62,226,"informal","pl","sg",1
62,290,"informal","pl","sg",1
62,354,"informal","pl","sg",1
62,418,"informal","pl","sg",1
62,482,"informal","pl","sg",1
62,235,"informal","sg","pl",0
62,299,"informal","sg","pl",1
62,363,"informal","sg","pl",0
62,427,"informal","sg","pl",0
62,491,"informal","sg","pl",0
62,244,"informal","sg","sg",1
62,308,"informal","sg","sg",1
62,372,"informal","sg","sg",1
62,436,"informal","sg","sg",1
62,500,"informal","sg","sg",1
63,181,"formal","pl","pl",0
63,245,"formal","pl","pl",1
63,309,"formal","pl","pl",0
63,373,"formal","pl","pl",0
63,437,"formal","pl","pl",0
63,190,"formal","pl","sg",1
63,254,"formal","pl","sg",1
63,318,"formal","pl","sg",1
63,382,"formal","pl","sg",1
63,446,"formal","pl","sg",1
63,199,"formal","sg","pl",0
63,263,"formal","sg","pl",0
63,327,"formal","sg","pl",0
63,391,"formal","sg","pl",0
63,455,"formal","sg","pl",1
63,208,"formal","sg","sg",1
63,272,"formal","sg","sg",1
63,336,"formal","sg","sg",1
63,400,"formal","sg","sg",1
63,464,"formal","sg","sg",1
63,217,"informal","pl","pl",0
63,281,"informal","pl","pl",0
63,345,"informal","pl","pl",0
63,409,"informal","pl","pl",1
63,473,"informal","pl","pl",0
63,226,"informal","pl","sg",0
63,290,"informal","pl","sg",0
63,354,"informal","pl","sg",1
63,418,"informal","pl","sg",1
63,482,"informal","pl","sg",1
63,235,"informal","sg","pl",0
63,299,"informal","sg","pl",0
63,363,"informal","sg","pl",0
63,427,"informal","sg","pl",0
63,491,"informal","sg","pl",0
63,244,"informal","sg","sg",1
63,308,"informal","sg","sg",1
63,372,"informal","sg","sg",1
63,436,"informal","sg","sg",0
63,500,"informal","sg","sg",1
64,189,"formal","pl","pl",1
64,253,"formal","pl","pl",1
64,317,"formal","pl","pl",1
64,381,"formal","pl","pl",0
64,445,"formal","pl","pl",1
64,198,"formal","pl","sg",1
64,262,"formal","pl","sg",1
64,326,"formal","pl","sg",1
64,390,"formal","pl","sg",1
64,454,"formal","pl","sg",1
64,207,"formal","sg","pl",0
64,271,"formal","sg","pl",1
64,335,"formal","sg","pl",1
64,399,"formal","sg","pl",1
64,463,"formal","sg","pl",1
64,216,"formal","sg","sg",1
64,280,"formal","sg","sg",0
64,344,"formal","sg","sg",1
64,408,"formal","sg","sg",0
64,472,"formal","sg","sg",1
64,225,"informal","pl","pl",0
64,289,"informal","pl","pl",0
64,353,"informal","pl","pl",0
64,417,"informal","pl","pl",0
64,481,"informal","pl","pl",0
64,234,"informal","pl","sg",1
64,298,"informal","pl","sg",1
64,362,"informal","pl","sg",1
64,426,"informal","pl","sg",1
64,490,"informal","pl","sg",1
64,243,"informal","sg","pl",0
64,307,"informal","sg","pl",0
64,371,"informal","sg","pl",0
64,435,"informal","sg","pl",0
64,499,"informal","sg","pl",0
64,188,"informal","sg","sg",1
64,252,"informal","sg","sg",1
64,316,"informal","sg","sg",1
64,380,"informal","sg","sg",1
64,444,"informal","sg","sg",1
65,221,"formal","pl","pl",0
65,285,"formal","pl","pl",0
65,349,"formal","pl","pl",1
65,413,"formal","pl","pl",0
65,477,"formal","pl","pl",1
65,230,"formal","pl","sg",1
65,294,"formal","pl","sg",1
65,358,"formal","pl","sg",1
65,422,"formal","pl","sg",1
65,486,"formal","pl","sg",1
65,239,"formal","sg","pl",1
65,303,"formal","sg","pl",1
65,367,"formal","sg","pl",0
65,431,"formal","sg","pl",0
65,495,"formal","sg","pl",1
65,184,"formal","sg","sg",1
65,248,"formal","sg","sg",1
65,312,"formal","sg","sg",1
65,376,"formal","sg","sg",1
65,440,"formal","sg","sg",1
65,193,"informal","pl","pl",1
65,257,"informal","pl","pl",1
65,321,"informal","pl","pl",1
65,385,"informal","pl","pl",1
65,449,"informal","pl","pl",0
65,202,"informal","pl","sg",1
65,266,"informal","pl","sg",1
65,330,"informal","pl","sg",1
65,394,"informal","pl","sg",1
65,458,"informal","pl","sg",1
65,211,"informal","sg","pl",0
65,275,"informal","sg","pl",0
65,339,"informal","sg","pl",1
65,403,"informal","sg","pl",1
65,467,"informal","sg","pl",1
65,220,"informal","sg","sg",1
65,284,"informal","sg","sg",1
65,348,"informal","sg","sg",1
65,412,"informal","sg","sg",1
65,476,"informal","sg","sg",1
66,213,"formal","pl","pl",0
66,277,"formal","pl","pl",0
66,341,"formal","pl","pl",1
66,405,"formal","pl","pl",0
66,469,"formal","pl","pl",0
66,222,"formal","pl","sg",0
66,286,"formal","pl","sg",1
66,350,"formal","pl","sg",1
66,414,"formal","pl","sg",1
66,478,"formal","pl","sg",1
66,231,"formal","sg","pl",0
66,295,"formal","sg","pl",0
66,359,"formal","sg","pl",0
66,423,"formal","sg","pl",0
66,487,"formal","sg","pl",0
66,240,"formal","sg","sg",1
66,304,"formal","sg","sg",1
66,368,"formal","sg","sg",1
66,432,"formal","sg","sg",1
66,496,"formal","sg","sg",1
66,185,"informal","pl","pl",1
66,249,"informal","pl","pl",0
66,313,"informal","pl","pl",0
66,377,"informal","pl","pl",0
66,441,"informal","pl","pl",1
66,194,"informal","pl","sg",1
66,258,"informal","pl","sg",1
66,322,"informal","pl","sg",1
66,386,"informal","pl","sg",1
66,450,"informal","pl","sg",1
66,203,"informal","sg","pl",1
66,267,"informal","sg","pl",1
66,331,"informal","sg","pl",0
66,395,"informal","sg","pl",1
66,459,"informal","sg","pl",1
66,212,"informal","sg","sg",1
66,276,"informal","sg","sg",1
66,340,"informal","sg","sg",1
66,404,"informal","sg","sg",1
66,468,"informal","sg","sg",1
67,213,"formal","pl","pl",0
67,277,"formal","pl","pl",1
67,341,"formal","pl","pl",0
67,405,"formal","pl","pl",1
67,469,"formal","pl","pl",1
67,222,"formal","pl","sg",0
67,350,"formal","pl","sg",0
67,414,"formal","pl","sg",1
67,478,"formal","pl","sg",1
67,231,"formal","sg","pl",0
67,295,"formal","sg","pl",0
67,359,"formal","sg","pl",1
67,423,"formal","sg","pl",0
67,487,"formal","sg","pl",0
67,240,"formal","sg","sg",0
67,304,"formal","sg","sg",0
67,368,"formal","sg","sg",1
67,432,"formal","sg","sg",0
67,496,"formal","sg","sg",1
67,185,"informal","pl","pl",1
67,249,"informal","pl","pl",0
67,313,"informal","pl","pl",0
67,377,"informal","pl","pl",0
67,441,"informal","pl","pl",1
67,194,"informal","pl","sg",1
67,258,"informal","pl","sg",0
67,322,"informal","pl","sg",1
67,386,"informal","pl","sg",0
67,450,"informal","pl","sg",0
67,203,"informal","sg","pl",0
67,267,"informal","sg","pl",0
67,331,"informal","sg","pl",0
67,395,"informal","sg","pl",0
67,459,"informal","sg","pl",0
67,212,"informal","sg","sg",1
67,276,"informal","sg","sg",0
67,340,"informal","sg","sg",1
67,404,"informal","sg","sg",1
67,468,"informal","sg","sg",1
68,213,"formal","pl","pl",0
68,277,"formal","pl","pl",0
68,341,"formal","pl","pl",0
68,405,"formal","pl","pl",0
68,469,"formal","pl","pl",0
68,222,"formal","pl","sg",1
68,286,"formal","pl","sg",1
68,350,"formal","pl","sg",1
68,414,"formal","pl","sg",1
68,478,"formal","pl","sg",1
68,231,"formal","sg","pl",0
68,295,"formal","sg","pl",0
68,359,"formal","sg","pl",0
68,423,"formal","sg","pl",1
68,487,"formal","sg","pl",0
68,240,"formal","sg","sg",1
68,304,"formal","sg","sg",0
68,368,"formal","sg","sg",1
68,432,"formal","sg","sg",1
68,496,"formal","sg","sg",1
68,185,"informal","pl","pl",0
68,249,"informal","pl","pl",0
68,313,"informal","pl","pl",0
68,377,"informal","pl","pl",0
68,441,"informal","pl","pl",0
68,194,"informal","pl","sg",0
68,258,"informal","pl","sg",1
68,322,"informal","pl","sg",1
68,386,"informal","pl","sg",1
68,450,"informal","pl","sg",1
68,203,"informal","sg","pl",0
68,267,"informal","sg","pl",0
68,331,"informal","sg","pl",0
68,395,"informal","sg","pl",0
68,459,"informal","sg","pl",0
68,212,"informal","sg","sg",1
68,276,"informal","sg","sg",1
68,340,"informal","sg","sg",1
68,404,"informal","sg","sg",1
68,468,"informal","sg","sg",0
69,181,"formal","pl","pl",0
69,245,"formal","pl","pl",0
69,309,"formal","pl","pl",0
69,373,"formal","pl","pl",0
69,437,"formal","pl","pl",0
69,190,"formal","pl","sg",1
69,254,"formal","pl","sg",1
69,318,"formal","pl","sg",1
69,382,"formal","pl","sg",0
69,446,"formal","pl","sg",1
69,199,"formal","sg","pl",0
69,263,"formal","sg","pl",0
69,327,"formal","sg","pl",0
69,391,"formal","sg","pl",0
69,455,"formal","sg","pl",0
69,208,"formal","sg","sg",1
69,272,"formal","sg","sg",1
69,336,"formal","sg","sg",1
69,400,"formal","sg","sg",1
69,464,"formal","sg","sg",1
69,217,"informal","pl","pl",0
69,281,"informal","pl","pl",1
69,345,"informal","pl","pl",0
69,409,"informal","pl","pl",0
69,473,"informal","pl","pl",0
69,226,"informal","pl","sg",0
69,290,"informal","pl","sg",0
69,354,"informal","pl","sg",1
69,418,"informal","pl","sg",1
69,482,"informal","pl","sg",1
69,235,"informal","sg","pl",0
69,299,"informal","sg","pl",0
69,363,"informal","sg","pl",0
69,427,"informal","sg","pl",0
69,491,"informal","sg","pl",0
69,244,"informal","sg","sg",1
69,308,"informal","sg","sg",1
69,372,"informal","sg","sg",1
69,436,"informal","sg","sg",1
69,500,"informal","sg","sg",1
70,237,"formal","pl","pl",0
70,301,"formal","pl","pl",0
70,365,"formal","pl","pl",1
70,429,"formal","pl","pl",1
70,493,"formal","pl","pl",0
70,182,"formal","pl","sg",1
70,246,"formal","pl","sg",1
70,310,"formal","pl","sg",1
70,374,"formal","pl","sg",0
70,438,"formal","pl","sg",1
70,191,"formal","sg","pl",0
70,255,"formal","sg","pl",1
70,319,"formal","sg","pl",1
70,383,"formal","sg","pl",0
70,447,"formal","sg","pl",1
70,200,"formal","sg","sg",1
70,264,"formal","sg","sg",1
70,328,"formal","sg","sg",0
70,392,"formal","sg","sg",1
70,456,"formal","sg","sg",1
70,209,"informal","pl","pl",1
70,273,"informal","pl","pl",1
70,337,"informal","pl","pl",0
70,401,"informal","pl","pl",0
70,465,"informal","pl","pl",0
70,218,"informal","pl","sg",1
70,282,"informal","pl","sg",1
70,346,"informal","pl","sg",1
70,410,"informal","pl","sg",1
70,474,"informal","pl","sg",1
70,227,"informal","sg","pl",0
70,291,"informal","sg","pl",0
70,355,"informal","sg","pl",0
70,419,"informal","sg","pl",0
70,483,"informal","sg","pl",0
70,236,"informal","sg","sg",1
70,300,"informal","sg","sg",1
70,364,"informal","sg","sg",1
70,428,"informal","sg","sg",1
70,492,"informal","sg","sg",1
71,229,"formal","pl","pl",1
71,293,"formal","pl","pl",1
71,357,"formal","pl","pl",1
71,421,"formal","pl","pl",1
71,485,"formal","pl","pl",1
71,238,"formal","pl","sg",1
71,302,"formal","pl","sg",1
71,366,"formal","pl","sg",1
71,430,"formal","pl","sg",1
71,494,"formal","pl","sg",1
71,183,"formal","sg","pl",1
71,247,"formal","sg","pl",0
71,311,"formal","sg","pl",1
71,375,"formal","sg","pl",0
71,439,"formal","sg","pl",1
71,192,"formal","sg","sg",1
71,256,"formal","sg","sg",1
71,320,"formal","sg","sg",1
71,384,"formal","sg","sg",0
71,448,"formal","sg","sg",1
71,201,"informal","pl","pl",0
71,265,"informal","pl","pl",0
71,329,"informal","pl","pl",0
71,393,"informal","pl","pl",0
71,457,"informal","pl","pl",0
71,210,"informal","pl","sg",1
71,274,"informal","pl","sg",1
71,338,"informal","pl","sg",1
71,402,"informal","pl","sg",1
71,466,"informal","pl","sg",1
71,219,"informal","sg","pl",0
71,283,"informal","sg","pl",0
71,347,"informal","sg","pl",0
71,411,"informal","sg","pl",0
71,228,"informal","sg","sg",0
71,292,"informal","sg","sg",1
71,356,"informal","sg","sg",1
71,420,"informal","sg","sg",1
71,484,"informal","sg","sg",1
72,221,"formal","pl","pl",0
72,285,"formal","pl","pl",1
72,349,"formal","pl","pl",1
72,413,"formal","pl","pl",0
72,477,"formal","pl","pl",0
72,230,"formal","pl","sg",1
72,294,"formal","pl","sg",1
72,358,"formal","pl","sg",1
72,422,"formal","pl","sg",1
72,486,"formal","pl","sg",1
72,239,"formal","sg","pl",0
72,303,"formal","sg","pl",0
72,367,"formal","sg","pl",0
72,431,"formal","sg","pl",0
72,495,"formal","sg","pl",0
72,184,"formal","sg","sg",1
72,248,"formal","sg","sg",1
72,312,"formal","sg","sg",1
72,376,"formal","sg","sg",1
72,440,"formal","sg","sg",1
72,193,"informal","pl","pl",0
72,257,"informal","pl","pl",0
72,321,"informal","pl","pl",1
72,385,"informal","pl","pl",1
72,449,"informal","pl","pl",1
72,202,"informal","pl","sg",1
72,266,"informal","pl","sg",1
72,330,"informal","pl","sg",1
72,394,"informal","pl","sg",1
72,458,"informal","pl","sg",1
72,211,"informal","sg","pl",1
72,275,"informal","sg","pl",1
72,339,"informal","sg","pl",1
72,403,"informal","sg","pl",0
72,467,"informal","sg","pl",1
72,220,"informal","sg","sg",1
72,284,"informal","sg","sg",1
72,348,"informal","sg","sg",1
72,412,"informal","sg","sg",1
72,476,"informal","sg","sg",1
73,213,"formal","pl","pl",1
73,277,"formal","pl","pl",0
73,341,"formal","pl","pl",1
73,405,"formal","pl","pl",1
73,469,"formal","pl","pl",1
73,222,"formal","pl","sg",0
73,286,"formal","pl","sg",1
73,350,"formal","pl","sg",1
73,414,"formal","pl","sg",1
73,478,"formal","pl","sg",1
73,231,"formal","sg","pl",1
73,295,"formal","sg","pl",0
73,359,"formal","sg","pl",0
73,423,"formal","sg","pl",1
73,487,"formal","sg","pl",1
73,240,"formal","sg","sg",1
73,304,"formal","sg","sg",1
73,368,"formal","sg","sg",1
73,432,"formal","sg","sg",1
73,496,"formal","sg","sg",1
73,185,"informal","pl","pl",1
73,249,"informal","pl","pl",1
73,313,"informal","pl","pl",0
73,377,"informal","pl","pl",1
73,441,"informal","pl","pl",0
73,194,"informal","pl","sg",1
73,258,"informal","pl","sg",1
73,322,"informal","pl","sg",1
73,386,"informal","pl","sg",1
73,450,"informal","pl","sg",1
73,203,"informal","sg","pl",0
73,267,"informal","sg","pl",1
73,331,"informal","sg","pl",0
73,395,"informal","sg","pl",0
73,459,"informal","sg","pl",0
73,212,"informal","sg","sg",1
73,276,"informal","sg","sg",0
73,340,"informal","sg","sg",1
73,404,"informal","sg","sg",1
73,468,"informal","sg","sg",1
74,205,"formal","pl","pl",1
74,269,"formal","pl","pl",1
74,333,"formal","pl","pl",1
74,397,"formal","pl","pl",1
74,461,"formal","pl","pl",1
74,214,"formal","pl","sg",1
74,278,"formal","pl","sg",1
74,342,"formal","pl","sg",1
74,406,"formal","pl","sg",1
74,470,"formal","pl","sg",0
74,223,"formal","sg","pl",0
74,351,"formal","sg","pl",1
74,415,"formal","sg","pl",1
74,479,"formal","sg","pl",1
74,232,"formal","sg","sg",1
74,296,"formal","sg","sg",1
74,360,"formal","sg","sg",1
74,424,"formal","sg","sg",1
74,488,"formal","sg","sg",1
74,241,"informal","pl","pl",0
74,305,"informal","pl","pl",0
74,369,"informal","pl","pl",0
74,433,"informal","pl","pl",0
74,497,"informal","pl","pl",0
74,186,"informal","pl","sg",0
74,250,"informal","pl","sg",0
74,314,"informal","pl","sg",0
74,378,"informal","pl","sg",0
74,442,"informal","pl","sg",0
74,195,"informal","sg","pl",0
74,259,"informal","sg","pl",0
74,323,"informal","sg","pl",0
74,387,"informal","sg","pl",0
74,451,"informal","sg","pl",0
74,204,"informal","sg","sg",0
74,268,"informal","sg","sg",0
74,332,"informal","sg","sg",0
74,396,"informal","sg","sg",0
74,460,"informal","sg","sg",0
75,197,"formal","pl","pl",1
75,261,"formal","pl","pl",1
75,325,"formal","pl","pl",1
75,389,"formal","pl","pl",1
75,453,"formal","pl","pl",1
75,206,"formal","pl","sg",1
75,270,"formal","pl","sg",1
75,334,"formal","pl","sg",1
75,398,"formal","pl","sg",0
75,462,"formal","pl","sg",1
75,215,"formal","sg","pl",0
75,279,"formal","sg","pl",0
75,343,"formal","sg","pl",1
75,407,"formal","sg","pl",1
75,471,"formal","sg","pl",1
75,224,"formal","sg","sg",1
75,288,"formal","sg","sg",1
75,352,"formal","sg","sg",1
75,416,"formal","sg","sg",1
75,480,"formal","sg","sg",1
75,233,"informal","pl","pl",0
75,297,"informal","pl","pl",0
75,361,"informal","pl","pl",0
75,425,"informal","pl","pl",0
75,489,"informal","pl","pl",0
75,242,"informal","pl","sg",1
75,306,"informal","pl","sg",1
75,370,"informal","pl","sg",1
75,434,"informal","pl","sg",0
75,498,"informal","pl","sg",0
75,187,"informal","sg","pl",0
75,251,"informal","sg","pl",0
75,315,"informal","sg","pl",0
75,379,"informal","sg","pl",1
75,443,"informal","sg","pl",0
75,196,"informal","sg","sg",1
75,260,"informal","sg","sg",1
75,324,"informal","sg","sg",1
75,388,"informal","sg","sg",1
75,452,"informal","sg","sg",1
76,189,"formal","pl","pl",1
76,253,"formal","pl","pl",1
76,317,"formal","pl","pl",1
76,381,"formal","pl","pl",0
76,445,"formal","pl","pl",0
76,198,"formal","pl","sg",0
76,262,"formal","pl","sg",1
76,326,"formal","pl","sg",1
76,390,"formal","pl","sg",1
76,454,"formal","pl","sg",1
76,207,"formal","sg","pl",0
76,271,"formal","sg","pl",0
76,335,"formal","sg","pl",1
76,399,"formal","sg","pl",0
76,463,"formal","sg","pl",0
76,216,"formal","sg","sg",1
76,280,"formal","sg","sg",1
76,344,"formal","sg","sg",1
76,408,"formal","sg","sg",1
76,472,"formal","sg","sg",1
76,225,"informal","pl","pl",0
76,289,"informal","pl","pl",0
76,353,"informal","pl","pl",0
76,417,"informal","pl","pl",0
76,481,"informal","pl","pl",0
76,234,"informal","pl","sg",1
76,298,"informal","pl","sg",1
76,362,"informal","pl","sg",1
76,426,"informal","pl","sg",1
76,490,"informal","pl","sg",1
76,243,"informal","sg","pl",1
76,307,"informal","sg","pl",0
76,371,"informal","sg","pl",0
76,435,"informal","sg","pl",0
76,499,"informal","sg","pl",0
76,188,"informal","sg","sg",1
76,252,"informal","sg","sg",1
76,316,"informal","sg","sg",1
76,380,"informal","sg","sg",1
76,444,"informal","sg","sg",1
77,181,"formal","pl","pl",1
77,245,"formal","pl","pl",0
77,309,"formal","pl","pl",0
77,373,"formal","pl","pl",0
77,437,"formal","pl","pl",1
77,190,"formal","pl","sg",1
77,254,"formal","pl","sg",1
77,318,"formal","pl","sg",1
77,382,"formal","pl","sg",1
77,446,"formal","pl","sg",1
77,199,"formal","sg","pl",0
77,263,"formal","sg","pl",0
77,327,"formal","sg","pl",0
77,391,"formal","sg","pl",0
77,455,"formal","sg","pl",1
77,208,"formal","sg","sg",1
77,272,"formal","sg","sg",1
77,336,"formal","sg","sg",1
77,400,"formal","sg","sg",0
77,464,"formal","sg","sg",1
77,217,"informal","pl","pl",0
77,281,"informal","pl","pl",0
77,345,"informal","pl","pl",0
77,409,"informal","pl","pl",0
77,473,"informal","pl","pl",1
77,226,"informal","pl","sg",0
77,290,"informal","pl","sg",1
77,354,"informal","pl","sg",0
77,418,"informal","pl","sg",0
77,482,"informal","pl","sg",1
77,235,"informal","sg","pl",0
77,299,"informal","sg","pl",0
77,363,"informal","sg","pl",0
77,427,"informal","sg","pl",0
77,491,"informal","sg","pl",0
77,244,"informal","sg","sg",0
77,308,"informal","sg","sg",1
77,372,"informal","sg","sg",1
77,436,"informal","sg","sg",0
77,500,"informal","sg","sg",1
78,237,"formal","pl","pl",0
78,301,"formal","pl","pl",0
78,365,"formal","pl","pl",0
78,429,"formal","pl","pl",0
78,493,"formal","pl","pl",0
78,182,"formal","pl","sg",1
78,246,"formal","pl","sg",1
78,310,"formal","pl","sg",1
78,374,"formal","pl","sg",1
78,438,"formal","pl","sg",1
78,191,"formal","sg","pl",0
78,255,"formal","sg","pl",1
78,319,"formal","sg","pl",0
78,383,"formal","sg","pl",0
78,447,"formal","sg","pl",0
78,200,"formal","sg","sg",1
78,264,"formal","sg","sg",1
78,328,"formal","sg","sg",1
78,392,"formal","sg","sg",1
78,456,"formal","sg","sg",1
78,209,"informal","pl","pl",0
78,273,"informal","pl","pl",0
78,337,"informal","pl","pl",0
78,401,"informal","pl","pl",1
78,465,"informal","pl","pl",1
78,218,"informal","pl","sg",1
78,282,"informal","pl","sg",1
78,346,"informal","pl","sg",1
78,410,"informal","pl","sg",1
78,474,"informal","pl","sg",1
78,227,"informal","sg","pl",0
78,291,"informal","sg","pl",0
78,355,"informal","sg","pl",0
78,419,"informal","sg","pl",0
78,483,"informal","sg","pl",0
78,236,"informal","sg","sg",1
78,300,"informal","sg","sg",1
78,364,"informal","sg","sg",1
78,428,"informal","sg","sg",1
78,492,"informal","sg","sg",1
79,229,"formal","pl","pl",1
79,293,"formal","pl","pl",1
79,421,"formal","pl","pl",1
79,485,"formal","pl","pl",1
79,238,"formal","pl","sg",1
79,302,"formal","pl","sg",1
79,366,"formal","pl","sg",1
79,430,"formal","pl","sg",1
79,494,"formal","pl","sg",1
79,183,"formal","sg","pl",0
79,247,"formal","sg","pl",0
79,311,"formal","sg","pl",0
79,375,"formal","sg","pl",1
79,439,"formal","sg","pl",0
79,192,"formal","sg","sg",1
79,256,"formal","sg","sg",1
79,320,"formal","sg","sg",1
79,384,"formal","sg","sg",1
79,448,"formal","sg","sg",1
79,201,"informal","pl","pl",0
79,265,"informal","pl","pl",0
79,329,"informal","pl","pl",0
79,393,"informal","pl","pl",0
79,457,"informal","pl","pl",1
79,210,"informal","pl","sg",1
79,274,"informal","pl","sg",1
79,338,"informal","pl","sg",1
79,402,"informal","pl","sg",1
79,466,"informal","pl","sg",1
79,219,"informal","sg","pl",0
79,283,"informal","sg","pl",0
79,347,"informal","sg","pl",0
79,411,"informal","sg","pl",0
79,475,"informal","sg","pl",0
79,228,"informal","sg","sg",0
79,292,"informal","sg","sg",1
79,356,"informal","sg","sg",1
79,420,"informal","sg","sg",1
79,484,"informal","sg","sg",1
80,221,"formal","pl","pl",0
80,285,"formal","pl","pl",0
80,349,"formal","pl","pl",0
80,413,"formal","pl","pl",0
80,477,"formal","pl","pl",0
80,230,"formal","pl","sg",1
80,294,"formal","pl","sg",1
80,358,"formal","pl","sg",1
80,422,"formal","pl","sg",1
80,486,"formal","pl","sg",1
80,239,"formal","sg","pl",0
80,303,"formal","sg","pl",0
80,367,"formal","sg","pl",0
80,431,"formal","sg","pl",0
80,495,"formal","sg","pl",0
80,184,"formal","sg","sg",1
80,248,"formal","sg","sg",1
80,312,"formal","sg","sg",1
80,376,"formal","sg","sg",0
80,440,"formal","sg","sg",1
80,193,"informal","pl","pl",0
80,257,"informal","pl","pl",1
80,321,"informal","pl","pl",0
80,385,"informal","pl","pl",0
80,449,"informal","pl","pl",0
80,202,"informal","pl","sg",1
80,266,"informal","pl","sg",0
80,330,"informal","pl","sg",0
80,394,"informal","pl","sg",1
80,458,"informal","pl","sg",1
80,211,"informal","sg","pl",1
80,275,"informal","sg","pl",0
80,339,"informal","sg","pl",0
80,403,"informal","sg","pl",0
80,467,"informal","sg","pl",0
80,220,"informal","sg","sg",1
80,284,"informal","sg","sg",1
80,348,"informal","sg","sg",1
80,412,"informal","sg","sg",1
80,476,"informal","sg","sg",1
81,221,"formal","pl","pl",1
81,285,"formal","pl","pl",0
81,349,"formal","pl","pl",0
81,413,"formal","pl","pl",1
81,477,"formal","pl","pl",1
81,230,"formal","pl","sg",1
81,294,"formal","pl","sg",1
81,358,"formal","pl","sg",1
81,422,"formal","pl","sg",1
81,486,"formal","pl","sg",1
81,303,"formal","sg","pl",1
81,367,"formal","sg","pl",1
81,431,"formal","sg","pl",1
81,495,"formal","sg","pl",1
81,184,"formal","sg","sg",1
81,248,"formal","sg","sg",1
81,312,"formal","sg","sg",1
81,376,"formal","sg","sg",1
81,440,"formal","sg","sg",1
81,193,"informal","pl","pl",0
81,257,"informal","pl","pl",1
81,321,"informal","pl","pl",0
81,385,"informal","pl","pl",0
81,449,"informal","pl","pl",1
81,202,"informal","pl","sg",1
81,266,"informal","pl","sg",1
81,330,"informal","pl","sg",1
81,394,"informal","pl","sg",1
81,458,"informal","pl","sg",1
81,211,"informal","sg","pl",0
81,275,"informal","sg","pl",0
81,339,"informal","sg","pl",0
81,403,"informal","sg","pl",0
81,467,"informal","sg","pl",0
81,220,"informal","sg","sg",1
81,284,"informal","sg","sg",1
81,348,"informal","sg","sg",1
81,412,"informal","sg","sg",1
81,476,"informal","sg","sg",1
82,205,"formal","pl","pl",0
82,269,"formal","pl","pl",0
82,333,"formal","pl","pl",0
82,397,"formal","pl","pl",1
82,461,"formal","pl","pl",0
82,214,"formal","pl","sg",1
82,278,"formal","pl","sg",1
82,342,"formal","pl","sg",1
82,406,"formal","pl","sg",1
82,470,"formal","pl","sg",1
82,223,"formal","sg","pl",0
82,287,"formal","sg","pl",0
82,351,"formal","sg","pl",0
82,415,"formal","sg","pl",0
82,479,"formal","sg","pl",0
82,232,"formal","sg","sg",1
82,296,"formal","sg","sg",0
82,360,"formal","sg","sg",1
82,424,"formal","sg","sg",1
82,488,"formal","sg","sg",1
82,241,"informal","pl","pl",0
82,305,"informal","pl","pl",1
82,369,"informal","pl","pl",1
82,433,"informal","pl","pl",0
82,497,"informal","pl","pl",0
82,186,"informal","pl","sg",1
82,250,"informal","pl","sg",1
82,314,"informal","pl","sg",1
82,378,"informal","pl","sg",1
82,442,"informal","pl","sg",1
82,195,"informal","sg","pl",0
82,259,"informal","sg","pl",0
82,323,"informal","sg","pl",0
82,387,"informal","sg","pl",0
82,451,"informal","sg","pl",0
82,204,"informal","sg","sg",1
82,268,"informal","sg","sg",1
82,332,"informal","sg","sg",1
82,396,"informal","sg","sg",1
82,460,"informal","sg","sg",1
83,197,"formal","pl","pl",1
83,261,"formal","pl","pl",1
83,325,"formal","pl","pl",1
83,389,"formal","pl","pl",1
83,453,"formal","pl","pl",1
83,206,"formal","pl","sg",1
83,270,"formal","pl","sg",1
83,334,"formal","pl","sg",1
83,398,"formal","pl","sg",1
83,462,"formal","pl","sg",1
83,215,"formal","sg","pl",1
83,279,"formal","sg","pl",1
83,343,"formal","sg","pl",0
83,407,"formal","sg","pl",1
83,471,"formal","sg","pl",1
83,224,"formal","sg","sg",0
83,288,"formal","sg","sg",1
83,352,"formal","sg","sg",1
83,416,"formal","sg","sg",1
83,480,"formal","sg","sg",1
83,233,"informal","pl","pl",0
83,297,"informal","pl","pl",0
83,361,"informal","pl","pl",0
83,425,"informal","pl","pl",1
83,489,"informal","pl","pl",0
83,242,"informal","pl","sg",1
83,306,"informal","pl","sg",1
83,370,"informal","pl","sg",1
83,434,"informal","pl","sg",0
83,498,"informal","pl","sg",1
83,187,"informal","sg","pl",0
83,251,"informal","sg","pl",0
83,315,"informal","sg","pl",0
83,379,"informal","sg","pl",0
83,443,"informal","sg","pl",0
83,196,"informal","sg","sg",1
83,260,"informal","sg","sg",1
83,324,"informal","sg","sg",1
83,388,"informal","sg","sg",1
83,452,"informal","sg","sg",1
84,189,"formal","pl","pl",1
84,253,"formal","pl","pl",0
84,317,"formal","pl","pl",1
84,381,"formal","pl","pl",0
84,445,"formal","pl","pl",0
84,198,"formal","pl","sg",1
84,262,"formal","pl","sg",0
84,326,"formal","pl","sg",1
84,390,"formal","pl","sg",1
84,454,"formal","pl","sg",1
84,207,"formal","sg","pl",0
84,271,"formal","sg","pl",0
84,335,"formal","sg","pl",1
84,399,"formal","sg","pl",0
84,463,"formal","sg","pl",0
84,216,"formal","sg","sg",1
84,280,"formal","sg","sg",1
84,344,"formal","sg","sg",1
84,408,"formal","sg","sg",1
84,472,"formal","sg","sg",1
84,225,"informal","pl","pl",0
84,289,"informal","pl","pl",1
84,353,"informal","pl","pl",0
84,417,"informal","pl","pl",0
84,481,"informal","pl","pl",0
84,234,"informal","pl","sg",1
84,298,"informal","pl","sg",1
84,362,"informal","pl","sg",1
84,426,"informal","pl","sg",1
84,490,"informal","pl","sg",1
84,243,"informal","sg","pl",0
84,307,"informal","sg","pl",0
84,371,"informal","sg","pl",0
84,435,"informal","sg","pl",1
84,499,"informal","sg","pl",1
84,188,"informal","sg","sg",1
84,252,"informal","sg","sg",1
84,316,"informal","sg","sg",1
84,380,"informal","sg","sg",1
84,444,"informal","sg","sg",1
85,181,"formal","pl","pl",1
85,245,"formal","pl","pl",1
85,309,"formal","pl","pl",1
85,373,"formal","pl","pl",1
85,437,"formal","pl","pl",1
85,190,"formal","pl","sg",1
85,254,"formal","pl","sg",1
85,318,"formal","pl","sg",1
85,382,"formal","pl","sg",1
85,446,"formal","pl","sg",1
85,199,"formal","sg","pl",1
85,263,"formal","sg","pl",0
85,327,"formal","sg","pl",1
85,391,"formal","sg","pl",1
85,455,"formal","sg","pl",0
85,208,"formal","sg","sg",1
85,272,"formal","sg","sg",1
85,336,"formal","sg","sg",1
85,400,"formal","sg","sg",1
85,464,"formal","sg","sg",1
85,217,"informal","pl","pl",0
85,281,"informal","pl","pl",0
85,345,"informal","pl","pl",1
85,409,"informal","pl","pl",0
85,473,"informal","pl","pl",0
85,226,"informal","pl","sg",0
85,290,"informal","pl","sg",0
85,354,"informal","pl","sg",1
85,418,"informal","pl","sg",1
85,482,"informal","pl","sg",1
85,235,"informal","sg","pl",0
85,299,"informal","sg","pl",0
85,363,"informal","sg","pl",1
85,427,"informal","sg","pl",0
85,491,"informal","sg","pl",0
85,244,"informal","sg","sg",1
85,308,"informal","sg","sg",0
85,372,"informal","sg","sg",1
85,436,"informal","sg","sg",0
85,500,"informal","sg","sg",0
86,181,"formal","pl","pl",0
86,245,"formal","pl","pl",0
86,309,"formal","pl","pl",0
86,373,"formal","pl","pl",0
86,437,"formal","pl","pl",1
86,190,"formal","pl","sg",1
86,254,"formal","pl","sg",1
86,318,"formal","pl","sg",1
86,382,"formal","pl","sg",1
86,446,"formal","pl","sg",1
86,199,"formal","sg","pl",0
86,263,"formal","sg","pl",0
86,327,"formal","sg","pl",0
86,391,"formal","sg","pl",1
86,455,"formal","sg","pl",0
86,208,"formal","sg","sg",1
86,272,"formal","sg","sg",1
86,336,"formal","sg","sg",1
86,400,"formal","sg","sg",1
86,464,"formal","sg","sg",1
86,217,"informal","pl","pl",1
86,281,"informal","pl","pl",0
86,345,"informal","pl","pl",0
86,409,"informal","pl","pl",0
86,473,"informal","pl","pl",0
86,290,"informal","pl","sg",1
86,354,"informal","pl","sg",1
86,418,"informal","pl","sg",1
86,482,"informal","pl","sg",1
86,235,"informal","sg","pl",0
86,299,"informal","sg","pl",0
86,363,"informal","sg","pl",0
86,427,"informal","sg","pl",0
86,491,"informal","sg","pl",1
86,244,"informal","sg","sg",1
86,308,"informal","sg","sg",1
86,372,"informal","sg","sg",1
86,436,"informal","sg","sg",1
86,500,"informal","sg","sg",1
87,181,"formal","pl","pl",1
87,245,"formal","pl","pl",1
87,309,"formal","pl","pl",1
87,373,"formal","pl","pl",1
87,437,"formal","pl","pl",0
87,190,"formal","pl","sg",1
87,254,"formal","pl","sg",1
87,318,"formal","pl","sg",1
87,382,"formal","pl","sg",1
87,446,"formal","pl","sg",1
87,199,"formal","sg","pl",0
87,263,"formal","sg","pl",1
87,327,"formal","sg","pl",0
87,391,"formal","sg","pl",0
87,455,"formal","sg","pl",0
87,208,"formal","sg","sg",1
87,272,"formal","sg","sg",1
87,336,"formal","sg","sg",1
87,400,"formal","sg","sg",1
87,464,"formal","sg","sg",1
87,217,"informal","pl","pl",1
87,281,"informal","pl","pl",0
87,345,"informal","pl","pl",0
87,409,"informal","pl","pl",1
87,473,"informal","pl","pl",0
87,226,"informal","pl","sg",0
87,290,"informal","pl","sg",1
87,354,"informal","pl","sg",1
87,418,"informal","pl","sg",1
87,482,"informal","pl","sg",1
87,235,"informal","sg","pl",0
87,299,"informal","sg","pl",1
87,363,"informal","sg","pl",0
87,427,"informal","sg","pl",1
87,491,"informal","sg","pl",0
87,244,"informal","sg","sg",1
87,308,"informal","sg","sg",1
87,372,"informal","sg","sg",1
87,436,"informal","sg","sg",1
87,500,"informal","sg","sg",1
88,221,"formal","pl","pl",0
88,285,"formal","pl","pl",0
88,349,"formal","pl","pl",0
88,413,"formal","pl","pl",0
88,477,"formal","pl","pl",1
88,230,"formal","pl","sg",1
88,294,"formal","pl","sg",1
88,358,"formal","pl","sg",1
88,422,"formal","pl","sg",1
88,486,"formal","pl","sg",1
88,239,"formal","sg","pl",0
88,303,"formal","sg","pl",0
88,367,"formal","sg","pl",0
88,431,"formal","sg","pl",0
88,495,"formal","sg","pl",1
88,184,"formal","sg","sg",1
88,248,"formal","sg","sg",1
88,312,"formal","sg","sg",1
88,376,"formal","sg","sg",1
88,440,"formal","sg","sg",1
88,193,"informal","pl","pl",1
88,257,"informal","pl","pl",1
88,321,"informal","pl","pl",1
88,385,"informal","pl","pl",0
88,449,"informal","pl","pl",0
88,202,"informal","pl","sg",1
88,266,"informal","pl","sg",1
88,330,"informal","pl","sg",1
88,394,"informal","pl","sg",1
88,458,"informal","pl","sg",1
88,211,"informal","sg","pl",0
88,275,"informal","sg","pl",0
88,339,"informal","sg","pl",0
88,403,"informal","sg","pl",0
88,467,"informal","sg","pl",0
88,220,"informal","sg","sg",1
88,284,"informal","sg","sg",1
88,348,"informal","sg","sg",1
88,412,"informal","sg","sg",1
88,476,"informal","sg","sg",1
89,213,"formal","pl","pl",0
89,277,"formal","pl","pl",0
89,341,"formal","pl","pl",1
89,405,"formal","pl","pl",0
89,469,"formal","pl","pl",1
89,222,"formal","pl","sg",1
89,286,"formal","pl","sg",0
89,350,"formal","pl","sg",0
89,414,"formal","pl","sg",0
89,478,"formal","pl","sg",0
89,231,"formal","sg","pl",1
89,295,"formal","sg","pl",0
89,359,"formal","sg","pl",1
89,423,"formal","sg","pl",1
89,487,"formal","sg","pl",1
89,240,"formal","sg","sg",1
89,304,"formal","sg","sg",0
89,368,"formal","sg","sg",1
89,432,"formal","sg","sg",1
89,496,"formal","sg","sg",1
89,185,"informal","pl","pl",0
89,249,"informal","pl","pl",0
89,313,"informal","pl","pl",0
89,377,"informal","pl","pl",0
89,441,"informal","pl","pl",0
89,194,"informal","pl","sg",0
89,258,"informal","pl","sg",0
89,322,"informal","pl","sg",1
89,386,"informal","pl","sg",0
89,450,"informal","pl","sg",1
89,267,"informal","sg","pl",0
89,331,"informal","sg","pl",0
89,395,"informal","sg","pl",1
89,459,"informal","sg","pl",0
89,212,"informal","sg","sg",0
89,276,"informal","sg","sg",1
89,340,"informal","sg","sg",0
89,404,"informal","sg","sg",0
89,468,"informal","sg","sg",0
90,197,"formal","pl","pl",1
90,261,"formal","pl","pl",1
90,325,"formal","pl","pl",0
90,389,"formal","pl","pl",0
90,453,"formal","pl","pl",0
90,206,"formal","pl","sg",1
90,270,"formal","pl","sg",1
90,334,"formal","pl","sg",1
90,398,"formal","pl","sg",1
90,462,"formal","pl","sg",1
90,215,"formal","sg","pl",0
90,279,"formal","sg","pl",0
90,343,"formal","sg","pl",1
90,407,"formal","sg","pl",0
90,471,"formal","sg","pl",0
90,224,"formal","sg","sg",1
90,288,"formal","sg","sg",1
90,352,"formal","sg","sg",0
90,416,"formal","sg","sg",1
90,480,"formal","sg","sg",1
90,233,"informal","pl","pl",0
90,297,"informal","pl","pl",0
90,361,"informal","pl","pl",0
90,425,"informal","pl","pl",0
90,489,"informal","pl","pl",0
90,242,"informal","pl","sg",0
90,306,"informal","pl","sg",1
90,370,"informal","pl","sg",0
90,434,"informal","pl","sg",0
90,498,"informal","pl","sg",1
90,187,"informal","sg","pl",0
90,251,"informal","sg","pl",0
90,315,"informal","sg","pl",0
90,379,"informal","sg","pl",0
90,443,"informal","sg","pl",0
90,196,"informal","sg","sg",1
90,260,"informal","sg","sg",0
90,324,"informal","sg","sg",0
90,388,"informal","sg","sg",0
90,452,"informal","sg","sg",0
91,197,"formal","pl","pl",1
91,261,"formal","pl","pl",0
91,325,"formal","pl","pl",1
91,389,"formal","pl","pl",0
91,453,"formal","pl","pl",1
91,206,"formal","pl","sg",1
91,270,"formal","pl","sg",1
91,334,"formal","pl","sg",1
91,398,"formal","pl","sg",1
91,462,"formal","pl","sg",1
91,215,"formal","sg","pl",1
91,279,"formal","sg","pl",0
91,343,"formal","sg","pl",0
91,407,"formal","sg","pl",0
91,471,"formal","sg","pl",0
91,224,"formal","sg","sg",1
91,288,"formal","sg","sg",1
91,352,"formal","sg","sg",1
91,416,"formal","sg","sg",1
91,480,"formal","sg","sg",1
91,233,"informal","pl","pl",0
91,297,"informal","pl","pl",0
91,361,"informal","pl","pl",1
91,425,"informal","pl","pl",1
91,489,"informal","pl","pl",0
91,242,"informal","pl","sg",1
91,306,"informal","pl","sg",1
91,370,"informal","pl","sg",1
91,434,"informal","pl","sg",0
91,498,"informal","pl","sg",1
91,187,"informal","sg","pl",0
91,251,"informal","sg","pl",0
91,315,"informal","sg","pl",1
91,379,"informal","sg","pl",0
91,443,"informal","sg","pl",0
91,196,"informal","sg","sg",1
91,260,"informal","sg","sg",1
91,324,"informal","sg","sg",1
91,388,"informal","sg","sg",1
91,452,"informal","sg","sg",1
92,181,"formal","pl","pl",1
92,245,"formal","pl","pl",1
92,309,"formal","pl","pl",1
92,373,"formal","pl","pl",1
92,437,"formal","pl","pl",1
92,190,"formal","pl","sg",1
92,254,"formal","pl","sg",1
92,318,"formal","pl","sg",1
92,382,"formal","pl","sg",1
92,446,"formal","pl","sg",1
92,199,"formal","sg","pl",1
92,263,"formal","sg","pl",1
92,327,"formal","sg","pl",0
92,391,"formal","sg","pl",1
92,455,"formal","sg","pl",1
92,208,"formal","sg","sg",1
92,272,"formal","sg","sg",1
92,336,"formal","sg","sg",1
92,400,"formal","sg","sg",1
92,464,"formal","sg","sg",1
92,217,"informal","pl","pl",0
92,281,"informal","pl","pl",0
92,345,"informal","pl","pl",0
92,409,"informal","pl","pl",0
92,473,"informal","pl","pl",1
92,226,"informal","pl","sg",0
92,290,"informal","pl","sg",1
92,354,"informal","pl","sg",1
92,418,"informal","pl","sg",1
92,482,"informal","pl","sg",1
92,235,"informal","sg","pl",0
92,299,"informal","sg","pl",1
92,363,"informal","sg","pl",0
92,427,"informal","sg","pl",0
92,491,"informal","sg","pl",0
92,244,"informal","sg","sg",1
92,308,"informal","sg","sg",1
92,372,"informal","sg","sg",1
92,436,"informal","sg","sg",1
92,500,"informal","sg","sg",1
93,181,"formal","pl","pl",1
93,245,"formal","pl","pl",1
93,309,"formal","pl","pl",1
93,437,"formal","pl","pl",1
93,190,"formal","pl","sg",1
93,254,"formal","pl","sg",1
93,318,"formal","pl","sg",1
93,446,"formal","pl","sg",1
93,199,"formal","sg","pl",1
93,263,"formal","sg","pl",1
93,327,"formal","sg","pl",1
93,391,"formal","sg","pl",1
93,455,"formal","sg","pl",1
93,208,"formal","sg","sg",1
93,272,"formal","sg","sg",1
93,336,"formal","sg","sg",1
93,400,"formal","sg","sg",1
93,464,"formal","sg","sg",1
93,217,"informal","pl","pl",1
93,281,"informal","pl","pl",0
93,345,"informal","pl","pl",1
93,409,"informal","pl","pl",0
93,473,"informal","pl","pl",0
93,226,"informal","pl","sg",1
93,290,"informal","pl","sg",0
93,482,"informal","pl","sg",1
93,235,"informal","sg","pl",0
93,299,"informal","sg","pl",1
93,363,"informal","sg","pl",0
93,427,"informal","sg","pl",0
93,491,"informal","sg","pl",0
93,244,"informal","sg","sg",0
93,308,"informal","sg","sg",0
93,372,"informal","sg","sg",1
93,436,"informal","sg","sg",0
93,500,"informal","sg","sg",1
94,237,"formal","pl","pl",1
94,301,"formal","pl","pl",1
94,365,"formal","pl","pl",1
94,429,"formal","pl","pl",1
94,493,"formal","pl","pl",0
94,182,"formal","pl","sg",1
94,246,"formal","pl","sg",1
94,310,"formal","pl","sg",1
94,374,"formal","pl","sg",1
94,438,"formal","pl","sg",1
94,191,"formal","sg","pl",0
94,255,"formal","sg","pl",1
94,319,"formal","sg","pl",0
94,383,"formal","sg","pl",1
94,447,"formal","sg","pl",0
94,200,"formal","sg","sg",1
94,264,"formal","sg","sg",1
94,328,"formal","sg","sg",1
94,392,"formal","sg","sg",1
94,456,"formal","sg","sg",1
94,209,"informal","pl","pl",0
94,273,"informal","pl","pl",0
94,337,"informal","pl","pl",0
94,401,"informal","pl","pl",1
94,465,"informal","pl","pl",1
94,218,"informal","pl","sg",1
94,282,"informal","pl","sg",1
94,346,"informal","pl","sg",1
94,410,"informal","pl","sg",1
94,474,"informal","pl","sg",1
94,227,"informal","sg","pl",0
94,291,"informal","sg","pl",0
94,355,"informal","sg","pl",0
94,419,"informal","sg","pl",0
94,483,"informal","sg","pl",0
94,236,"informal","sg","sg",1
94,300,"informal","sg","sg",1
94,364,"informal","sg","sg",1
94,428,"informal","sg","sg",1
94,492,"informal","sg","sg",1
95,221,"formal","pl","pl",0
95,285,"formal","pl","pl",0
95,349,"formal","pl","pl",0
95,413,"formal","pl","pl",1
95,477,"formal","pl","pl",1
95,230,"formal","pl","sg",1
95,294,"formal","pl","sg",1
95,358,"formal","pl","sg",1
95,422,"formal","pl","sg",1
95,486,"formal","pl","sg",1
95,239,"formal","sg","pl",0
95,303,"formal","sg","pl",0
95,367,"formal","sg","pl",0
95,431,"formal","sg","pl",1
95,495,"formal","sg","pl",1
95,184,"formal","sg","sg",1
95,248,"formal","sg","sg",1
95,312,"formal","sg","sg",1
95,376,"formal","sg","sg",1
95,440,"formal","sg","sg",1
95,193,"informal","pl","pl",1
95,257,"informal","pl","pl",1
95,321,"informal","pl","pl",0
95,385,"informal","pl","pl",1
95,449,"informal","pl","pl",1
95,202,"informal","pl","sg",1
95,266,"informal","pl","sg",1
95,330,"informal","pl","sg",1
95,458,"informal","pl","sg",1
95,211,"informal","sg","pl",0
95,275,"informal","sg","pl",0
95,339,"informal","sg","pl",0
95,403,"informal","sg","pl",0
95,467,"informal","sg","pl",1
95,220,"informal","sg","sg",1
95,284,"informal","sg","sg",1
95,348,"informal","sg","sg",1
95,412,"informal","sg","sg",1
95,476,"informal","sg","sg",1
96,213,"formal","pl","pl",1
96,277,"formal","pl","pl",1
96,341,"formal","pl","pl",1
96,405,"formal","pl","pl",1
96,469,"formal","pl","pl",0
96,222,"formal","pl","sg",1
96,286,"formal","pl","sg",1
96,350,"formal","pl","sg",1
96,414,"formal","pl","sg",1
96,478,"formal","pl","sg",1
96,231,"formal","sg","pl",0
96,295,"formal","sg","pl",1
96,359,"formal","sg","pl",0
96,423,"formal","sg","pl",0
96,487,"formal","sg","pl",0
96,240,"formal","sg","sg",1
96,304,"formal","sg","sg",1
96,368,"formal","sg","sg",1
96,432,"formal","sg","sg",1
96,496,"formal","sg","sg",1
96,185,"informal","pl","pl",0
96,249,"informal","pl","pl",0
96,313,"informal","pl","pl",0
96,377,"informal","pl","pl",0
96,441,"informal","pl","pl",0
96,194,"informal","pl","sg",1
96,258,"informal","pl","sg",1
96,322,"informal","pl","sg",1
96,386,"informal","pl","sg",1
96,450,"informal","pl","sg",1
96,203,"informal","sg","pl",0
96,267,"informal","sg","pl",0
96,331,"informal","sg","pl",0
96,395,"informal","sg","pl",0
96,459,"informal","sg","pl",0
96,212,"informal","sg","sg",1
96,276,"informal","sg","sg",1
96,340,"informal","sg","sg",1
96,404,"informal","sg","sg",1
96,468,"informal","sg","sg",1
97,205,"formal","pl","pl",0
97,269,"formal","pl","pl",0
97,333,"formal","pl","pl",1
97,397,"formal","pl","pl",0
97,461,"formal","pl","pl",0
97,214,"formal","pl","sg",1
97,278,"formal","pl","sg",1
97,342,"formal","pl","sg",1
97,406,"formal","pl","sg",1
97,470,"formal","pl","sg",1
97,223,"formal","sg","pl",0
97,287,"formal","sg","pl",0
97,351,"formal","sg","pl",0
97,415,"formal","sg","pl",0
97,479,"formal","sg","pl",0
97,232,"formal","sg","sg",1
97,296,"formal","sg","sg",1
97,360,"formal","sg","sg",1
97,424,"formal","sg","sg",1
97,488,"formal","sg","sg",1
97,241,"informal","pl","pl",0
97,305,"informal","pl","pl",0
97,369,"informal","pl","pl",0
97,433,"informal","pl","pl",1
97,497,"informal","pl","pl",0
97,186,"informal","pl","sg",1
97,250,"informal","pl","sg",1
97,314,"informal","pl","sg",1
97,378,"informal","pl","sg",1
97,442,"informal","pl","sg",1
97,195,"informal","sg","pl",0
97,259,"informal","sg","pl",0
97,323,"informal","sg","pl",0
97,387,"informal","sg","pl",0
97,451,"informal","sg","pl",0
97,204,"informal","sg","sg",1
97,268,"informal","sg","sg",1
97,332,"informal","sg","sg",1
97,396,"informal","sg","sg",1
97,460,"informal","sg","sg",1
98,205,"formal","pl","pl",0
98,269,"formal","pl","pl",0
98,333,"formal","pl","pl",0
98,397,"formal","pl","pl",1
98,461,"formal","pl","pl",0
98,214,"formal","pl","sg",1
98,278,"formal","pl","sg",1
98,342,"formal","pl","sg",1
98,406,"formal","pl","sg",1
98,470,"formal","pl","sg",1
98,223,"formal","sg","pl",0
98,287,"formal","sg","pl",0
98,351,"formal","sg","pl",0
98,415,"formal","sg","pl",0
98,479,"formal","sg","pl",0
98,232,"formal","sg","sg",1
98,296,"formal","sg","sg",1
98,360,"formal","sg","sg",1
98,424,"formal","sg","sg",1
98,488,"formal","sg","sg",1
98,241,"informal","pl","pl",1
98,305,"informal","pl","pl",1
98,369,"informal","pl","pl",0
98,433,"informal","pl","pl",1
98,497,"informal","pl","pl",0
98,186,"informal","pl","sg",1
98,250,"informal","pl","sg",1
98,314,"informal","pl","sg",1
98,378,"informal","pl","sg",1
98,442,"informal","pl","sg",1
98,195,"informal","sg","pl",0
98,259,"informal","sg","pl",0
98,323,"informal","sg","pl",0
98,387,"informal","sg","pl",0
98,451,"informal","sg","pl",1
98,204,"informal","sg","sg",1
98,268,"informal","sg","sg",1
98,332,"informal","sg","sg",1
98,396,"informal","sg","sg",1
98,460,"informal","sg","sg",1
99,197,"formal","pl","pl",0
99,261,"formal","pl","pl",1
99,325,"formal","pl","pl",0
99,389,"formal","pl","pl",0
99,453,"formal","pl","pl",0
99,206,"formal","pl","sg",1
99,270,"formal","pl","sg",1
99,334,"formal","pl","sg",1
99,398,"formal","pl","sg",1
99,462,"formal","pl","sg",1
99,215,"formal","sg","pl",0
99,279,"formal","sg","pl",0
99,343,"formal","sg","pl",0
99,407,"formal","sg","pl",0
99,471,"formal","sg","pl",0
99,224,"formal","sg","sg",1
99,288,"formal","sg","sg",1
99,352,"formal","sg","sg",1
99,416,"formal","sg","sg",1
99,480,"formal","sg","sg",1
99,233,"informal","pl","pl",0
99,297,"informal","pl","pl",0
99,361,"informal","pl","pl",0
99,425,"informal","pl","pl",0
99,489,"informal","pl","pl",0
99,242,"informal","pl","sg",1
99,306,"informal","pl","sg",1
99,370,"informal","pl","sg",1
99,434,"informal","pl","sg",1
99,498,"informal","pl","sg",1
99,187,"informal","sg","pl",0
99,251,"informal","sg","pl",0
99,315,"informal","sg","pl",0
99,379,"informal","sg","pl",0
99,443,"informal","sg","pl",0
99,196,"informal","sg","sg",1
99,260,"informal","sg","sg",1
99,324,"informal","sg","sg",1
99,388,"informal","sg","sg",1
99,452,"informal","sg","sg",1
100,181,"formal","pl","pl",0
100,245,"formal","pl","pl",0
100,309,"formal","pl","pl",1
100,373,"formal","pl","pl",1
100,437,"formal","pl","pl",0
100,190,"formal","pl","sg",0
100,254,"formal","pl","sg",1
100,318,"formal","pl","sg",1
100,382,"formal","pl","sg",0
100,446,"formal","pl","sg",1
100,199,"formal","sg","pl",0
100,263,"formal","sg","pl",0
100,327,"formal","sg","pl",0
100,391,"formal","sg","pl",0
100,455,"formal","sg","pl",1
100,208,"formal","sg","sg",0
100,272,"formal","sg","sg",1
100,336,"formal","sg","sg",0
100,400,"formal","sg","sg",0
100,464,"formal","sg","sg",1
100,217,"informal","pl","pl",0
100,281,"informal","pl","pl",0
100,345,"informal","pl","pl",0
100,409,"informal","pl","pl",0
100,473,"informal","pl","pl",0
100,226,"informal","pl","sg",1
100,290,"informal","pl","sg",1
100,354,"informal","pl","sg",1
100,418,"informal","pl","sg",0
100,482,"informal","pl","sg",0
100,235,"informal","sg","pl",0
100,299,"informal","sg","pl",0
100,363,"informal","sg","pl",1
100,427,"informal","sg","pl",0
100,491,"informal","sg","pl",0
100,244,"informal","sg","sg",0
100,308,"informal","sg","sg",0
100,372,"informal","sg","sg",0
100,436,"informal","sg","sg",1
100,500,"informal","sg","sg",1
101,237,"formal","pl","pl",1
101,301,"formal","pl","pl",1
101,365,"formal","pl","pl",1
101,429,"formal","pl","pl",1
101,493,"formal","pl","pl",0
101,182,"formal","pl","sg",1
101,246,"formal","pl","sg",1
101,310,"formal","pl","sg",1
101,374,"formal","pl","sg",1
101,191,"formal","sg","pl",1
101,255,"formal","sg","pl",1
101,383,"formal","sg","pl",1
101,447,"formal","sg","pl",1
101,200,"formal","sg","sg",1
101,264,"formal","sg","sg",1
101,328,"formal","sg","sg",1
101,392,"formal","sg","sg",1
101,456,"formal","sg","sg",1
101,209,"informal","pl","pl",0
101,273,"informal","pl","pl",0
101,337,"informal","pl","pl",0
101,401,"informal","pl","pl",1
101,465,"informal","pl","pl",0
101,218,"informal","pl","sg",1
101,282,"informal","pl","sg",1
101,346,"informal","pl","sg",0
101,410,"informal","pl","sg",1
101,474,"informal","pl","sg",1
101,227,"informal","sg","pl",0
101,291,"informal","sg","pl",0
101,355,"informal","sg","pl",0
101,419,"informal","sg","pl",0
101,483,"informal","sg","pl",0
101,236,"informal","sg","sg",1
101,364,"informal","sg","sg",1
101,428,"informal","sg","sg",1
101,492,"informal","sg","sg",1
102,229,"formal","pl","pl",0
102,293,"formal","pl","pl",0
102,357,"formal","pl","pl",0
102,421,"formal","pl","pl",0
102,485,"formal","pl","pl",0
102,238,"formal","pl","sg",0
102,302,"formal","pl","sg",0
102,366,"formal","pl","sg",1
102,430,"formal","pl","sg",0
102,494,"formal","pl","sg",0
102,183,"formal","sg","pl",0
102,247,"formal","sg","pl",0
102,311,"formal","sg","pl",0
102,375,"formal","sg","pl",0
102,439,"formal","sg","pl",0
102,192,"formal","sg","sg",1
102,256,"formal","sg","sg",0
102,320,"formal","sg","sg",1
102,384,"formal","sg","sg",1
102,448,"formal","sg","sg",1
102,201,"informal","pl","pl",0
102,265,"informal","pl","pl",0
102,329,"informal","pl","pl",0
102,393,"informal","pl","pl",1
102,457,"informal","pl","pl",0
102,210,"informal","pl","sg",1
102,274,"informal","pl","sg",1
102,338,"informal","pl","sg",0
102,402,"informal","pl","sg",1
102,466,"informal","pl","sg",0
102,219,"informal","sg","pl",0
102,283,"informal","sg","pl",0
102,347,"informal","sg","pl",0
102,411,"informal","sg","pl",0
102,475,"informal","sg","pl",0
102,228,"informal","sg","sg",0
102,292,"informal","sg","sg",0
102,356,"informal","sg","sg",1
102,420,"informal","sg","sg",1
102,484,"informal","sg","sg",1
103,221,"formal","pl","pl",0
103,285,"formal","pl","pl",1
103,349,"formal","pl","pl",1
103,413,"formal","pl","pl",1
103,477,"formal","pl","pl",1
103,230,"formal","pl","sg",1
103,294,"formal","pl","sg",1
103,358,"formal","pl","sg",1
103,422,"formal","pl","sg",1
103,486,"formal","pl","sg",1
103,239,"formal","sg","pl",0
103,303,"formal","sg","pl",0
103,367,"formal","sg","pl",0
103,431,"formal","sg","pl",1
103,495,"formal","sg","pl",0
103,184,"formal","sg","sg",0
103,248,"formal","sg","sg",1
103,312,"formal","sg","sg",1
103,376,"formal","sg","sg",1
103,440,"formal","sg","sg",1
103,193,"informal","pl","pl",0
103,257,"informal","pl","pl",0
103,321,"informal","pl","pl",0
103,385,"informal","pl","pl",0
103,449,"informal","pl","pl",0
103,202,"informal","pl","sg",0
103,266,"informal","pl","sg",0
103,330,"informal","pl","sg",1
103,394,"informal","pl","sg",0
103,458,"informal","pl","sg",0
103,211,"informal","sg","pl",0
103,275,"informal","sg","pl",0
103,339,"informal","sg","pl",0
103,403,"informal","sg","pl",0
103,467,"informal","sg","pl",0
103,220,"informal","sg","sg",1
103,284,"informal","sg","sg",1
103,348,"informal","sg","sg",1
103,412,"informal","sg","sg",0
103,476,"informal","sg","sg",0
104,213,"formal","pl","pl",1
104,277,"formal","pl","pl",1
104,341,"formal","pl","pl",1
104,405,"formal","pl","pl",1
104,469,"formal","pl","pl",1
104,222,"formal","pl","sg",1
104,286,"formal","pl","sg",1
104,350,"formal","pl","sg",1
104,414,"formal","pl","sg",1
104,478,"formal","pl","sg",1
104,231,"formal","sg","pl",0
104,295,"formal","sg","pl",1
104,359,"formal","sg","pl",1
104,423,"formal","sg","pl",1
104,487,"formal","sg","pl",1
104,240,"formal","sg","sg",1
104,304,"formal","sg","sg",1
104,368,"formal","sg","sg",1
104,432,"formal","sg","sg",1
104,496,"formal","sg","sg",1
104,185,"informal","pl","pl",1
104,249,"informal","pl","pl",1
104,313,"informal","pl","pl",1
104,377,"informal","pl","pl",1
104,441,"informal","pl","pl",1
104,194,"informal","pl","sg",1
104,258,"informal","pl","sg",1
104,322,"informal","pl","sg",1
104,386,"informal","pl","sg",1
104,450,"informal","pl","sg",1
104,203,"informal","sg","pl",1
104,267,"informal","sg","pl",1
104,331,"informal","sg","pl",1
104,395,"informal","sg","pl",0
104,459,"informal","sg","pl",1
104,212,"informal","sg","sg",1
104,276,"informal","sg","sg",1
104,340,"informal","sg","sg",1
104,404,"informal","sg","sg",1
104,468,"informal","sg","sg",1
105,213,"formal","pl","pl",0
105,277,"formal","pl","pl",1
105,341,"formal","pl","pl",0
105,405,"formal","pl","pl",0
105,469,"formal","pl","pl",0
105,222,"formal","pl","sg",1
105,286,"formal","pl","sg",1
105,350,"formal","pl","sg",1
105,414,"formal","pl","sg",1
105,478,"formal","pl","sg",1
105,231,"formal","sg","pl",0
105,295,"formal","sg","pl",1
105,359,"formal","sg","pl",0
105,423,"formal","sg","pl",1
105,487,"formal","sg","pl",0
105,240,"formal","sg","sg",1
105,304,"formal","sg","sg",0
105,368,"formal","sg","sg",1
105,432,"formal","sg","sg",1
105,496,"formal","sg","sg",1
105,185,"informal","pl","pl",0
105,249,"informal","pl","pl",0
105,313,"informal","pl","pl",0
105,377,"informal","pl","pl",0
105,441,"informal","pl","pl",0
105,194,"informal","pl","sg",1
105,258,"informal","pl","sg",0
105,322,"informal","pl","sg",1
105,386,"informal","pl","sg",1
105,450,"informal","pl","sg",1
105,203,"informal","sg","pl",0
105,267,"informal","sg","pl",0
105,331,"informal","sg","pl",0
105,395,"informal","sg","pl",0
105,459,"informal","sg","pl",0
105,212,"informal","sg","sg",1
105,276,"informal","sg","sg",0
105,340,"informal","sg","sg",1
105,404,"informal","sg","sg",0
105,468,"informal","sg","sg",1
106,213,"formal","pl","pl",1
106,277,"formal","pl","pl",1
106,341,"formal","pl","pl",0
106,405,"formal","pl","pl",1
106,469,"formal","pl","pl",0
106,222,"formal","pl","sg",0
106,286,"formal","pl","sg",1
106,350,"formal","pl","sg",1
106,414,"formal","pl","sg",1
106,478,"formal","pl","sg",1
106,231,"formal","sg","pl",1
106,295,"formal","sg","pl",1
106,359,"formal","sg","pl",1
106,423,"formal","sg","pl",1
106,487,"formal","sg","pl",1
106,240,"formal","sg","sg",1
106,304,"formal","sg","sg",0
106,368,"formal","sg","sg",1
106,432,"formal","sg","sg",1
106,496,"formal","sg","sg",1
106,185,"informal","pl","pl",0
106,249,"informal","pl","pl",0
106,313,"informal","pl","pl",0
106,377,"informal","pl","pl",0
106,441,"informal","pl","pl",0
106,194,"informal","pl","sg",1
106,258,"informal","pl","sg",1
106,322,"informal","pl","sg",1
106,386,"informal","pl","sg",1
106,450,"informal","pl","sg",1
106,203,"informal","sg","pl",0
106,267,"informal","sg","pl",0
106,331,"informal","sg","pl",0
106,395,"informal","sg","pl",0
106,459,"informal","sg","pl",0
106,212,"informal","sg","sg",0
106,276,"informal","sg","sg",0
106,340,"informal","sg","sg",0
106,404,"informal","sg","sg",1
106,468,"informal","sg","sg",1
107,213,"formal","pl","pl",1
107,277,"formal","pl","pl",0
107,341,"formal","pl","pl",1
107,405,"formal","pl","pl",1
107,469,"formal","pl","pl",0
107,222,"formal","pl","sg",0
107,286,"formal","pl","sg",0
107,350,"formal","pl","sg",1
107,414,"formal","pl","sg",0
107,478,"formal","pl","sg",1
107,231,"formal","sg","pl",0
107,295,"formal","sg","pl",0
107,359,"formal","sg","pl",0
107,423,"formal","sg","pl",0
107,487,"formal","sg","pl",0
107,240,"formal","sg","sg",1
107,304,"formal","sg","sg",0
107,368,"formal","sg","sg",1
107,432,"formal","sg","sg",1
107,496,"formal","sg","sg",1
107,185,"informal","pl","pl",0
107,249,"informal","pl","pl",0
107,313,"informal","pl","pl",0
107,377,"informal","pl","pl",0
107,441,"informal","pl","pl",0
107,194,"informal","pl","sg",0
107,258,"informal","pl","sg",0
107,322,"informal","pl","sg",0
107,386,"informal","pl","sg",0
107,450,"informal","pl","sg",0
107,203,"informal","sg","pl",0
107,267,"informal","sg","pl",0
107,331,"informal","sg","pl",0
107,395,"informal","sg","pl",0
107,459,"informal","sg","pl",0
107,212,"informal","sg","sg",0
107,276,"informal","sg","sg",0
107,340,"informal","sg","sg",0
107,404,"informal","sg","sg",0
107,468,"informal","sg","sg",0
108,213,"formal","pl","pl",1
108,277,"formal","pl","pl",0
108,341,"formal","pl","pl",0
108,405,"formal","pl","pl",0
108,469,"formal","pl","pl",0
108,222,"formal","pl","sg",0
108,286,"formal","pl","sg",1
108,350,"formal","pl","sg",0
108,414,"formal","pl","sg",1
108,478,"formal","pl","sg",1
108,231,"formal","sg","pl",0
108,295,"formal","sg","pl",0
108,359,"formal","sg","pl",1
108,423,"formal","sg","pl",0
108,487,"formal","sg","pl",0
108,240,"formal","sg","sg",0
108,304,"formal","sg","sg",1
108,368,"formal","sg","sg",1
108,432,"formal","sg","sg",1
108,496,"formal","sg","sg",1
108,185,"informal","pl","pl",0
108,249,"informal","pl","pl",0
108,313,"informal","pl","pl",0
108,377,"informal","pl","pl",0
108,441,"informal","pl","pl",0
108,194,"informal","pl","sg",0
108,258,"informal","pl","sg",0
108,322,"informal","pl","sg",0
108,386,"informal","pl","sg",0
108,450,"informal","pl","sg",0
108,203,"informal","sg","pl",0
108,267,"informal","sg","pl",0
108,331,"informal","sg","pl",0
108,395,"informal","sg","pl",0
108,459,"informal","sg","pl",0
108,212,"informal","sg","sg",0
108,276,"informal","sg","sg",0
108,340,"informal","sg","sg",0
108,404,"informal","sg","sg",1
108,468,"informal","sg","sg",1
109,205,"formal","pl","pl",0
109,269,"formal","pl","pl",1
109,333,"formal","pl","pl",0
109,397,"formal","pl","pl",1
109,461,"formal","pl","pl",1
109,214,"formal","pl","sg",1
109,278,"formal","pl","sg",1
109,342,"formal","pl","sg",0
109,406,"formal","pl","sg",1
109,470,"formal","pl","sg",1
109,223,"formal","sg","pl",1
109,287,"formal","sg","pl",1
109,351,"formal","sg","pl",0
109,415,"formal","sg","pl",0
109,479,"formal","sg","pl",0
109,232,"formal","sg","sg",1
109,296,"formal","sg","sg",1
109,360,"formal","sg","sg",1
109,424,"formal","sg","sg",1
109,488,"formal","sg","sg",1
109,241,"informal","pl","pl",1
109,305,"informal","pl","pl",1
109,369,"informal","pl","pl",0
109,433,"informal","pl","pl",0
109,497,"informal","pl","pl",0
109,186,"informal","pl","sg",0
109,250,"informal","pl","sg",1
109,314,"informal","pl","sg",1
109,378,"informal","pl","sg",1
109,442,"informal","pl","sg",1
109,195,"informal","sg","pl",1
109,259,"informal","sg","pl",1
109,323,"informal","sg","pl",0
109,387,"informal","sg","pl",0
109,451,"informal","sg","pl",0
109,204,"informal","sg","sg",1
109,268,"informal","sg","sg",0
109,332,"informal","sg","sg",0
109,396,"informal","sg","sg",1
109,460,"informal","sg","sg",1
110,189,"formal","pl","pl",0
110,253,"formal","pl","pl",0
110,317,"formal","pl","pl",0
110,381,"formal","pl","pl",0
110,445,"formal","pl","pl",0
110,198,"formal","pl","sg",1
110,262,"formal","pl","sg",0
110,326,"formal","pl","sg",1
110,390,"formal","pl","sg",0
110,454,"formal","pl","sg",1
110,207,"formal","sg","pl",0
110,271,"formal","sg","pl",0
110,335,"formal","sg","pl",0
110,399,"formal","sg","pl",0
110,463,"formal","sg","pl",0
110,216,"formal","sg","sg",1
110,280,"formal","sg","sg",1
110,344,"formal","sg","sg",1
110,408,"formal","sg","sg",1
110,472,"formal","sg","sg",1
110,225,"informal","pl","pl",0
110,289,"informal","pl","pl",0
110,353,"informal","pl","pl",0
110,417,"informal","pl","pl",0
110,481,"informal","pl","pl",0
110,234,"informal","pl","sg",1
110,298,"informal","pl","sg",1
110,362,"informal","pl","sg",1
110,426,"informal","pl","sg",1
110,490,"informal","pl","sg",1
110,243,"informal","sg","pl",0
110,307,"informal","sg","pl",0
110,371,"informal","sg","pl",0
110,435,"informal","sg","pl",0
110,499,"informal","sg","pl",0
110,188,"informal","sg","sg",1
110,252,"informal","sg","sg",1
110,316,"informal","sg","sg",1
110,380,"informal","sg","sg",1
110,444,"informal","sg","sg",1
111,205,"formal","pl","pl",0
111,269,"formal","pl","pl",1
111,333,"formal","pl","pl",1
111,397,"formal","pl","pl",1
111,461,"formal","pl","pl",1
111,214,"formal","pl","sg",1
111,278,"formal","pl","sg",1
111,342,"formal","pl","sg",1
111,406,"formal","pl","sg",1
111,470,"formal","pl","sg",1
111,223,"formal","sg","pl",0
111,287,"formal","sg","pl",0
111,351,"formal","sg","pl",0
111,415,"formal","sg","pl",1
111,479,"formal","sg","pl",1
111,232,"formal","sg","sg",1
111,296,"formal","sg","sg",1
111,360,"formal","sg","sg",1
111,424,"formal","sg","sg",1
111,488,"formal","sg","sg",1
111,241,"informal","pl","pl",1
111,305,"informal","pl","pl",1
111,369,"informal","pl","pl",1
111,433,"informal","pl","pl",0
111,497,"informal","pl","pl",1
111,186,"informal","pl","sg",1
111,250,"informal","pl","sg",1
111,314,"informal","pl","sg",1
111,378,"informal","pl","sg",0
111,442,"informal","pl","sg",1
111,195,"informal","sg","pl",0
111,259,"informal","sg","pl",0
111,323,"informal","sg","pl",1
111,387,"informal","sg","pl",1
111,451,"informal","sg","pl",1
111,204,"informal","sg","sg",1
111,268,"informal","sg","sg",1
111,332,"informal","sg","sg",1
111,396,"informal","sg","sg",1
111,460,"informal","sg","sg",1
112,213,"formal","pl","pl",1
112,277,"formal","pl","pl",1
112,341,"formal","pl","pl",1
112,405,"formal","pl","pl",1
112,469,"formal","pl","pl",1
112,222,"formal","pl","sg",1
112,286,"formal","pl","sg",1
112,350,"formal","pl","sg",1
112,414,"formal","pl","sg",1
112,478,"formal","pl","sg",1
112,231,"formal","sg","pl",1
112,295,"formal","sg","pl",1
112,359,"formal","sg","pl",1
112,423,"formal","sg","pl",1
112,487,"formal","sg","pl",0
112,240,"formal","sg","sg",1
112,304,"formal","sg","sg",1
112,368,"formal","sg","sg",1
112,432,"formal","sg","sg",1
112,496,"formal","sg","sg",1
112,185,"informal","pl","pl",1
112,249,"informal","pl","pl",1
112,313,"informal","pl","pl",1
112,377,"informal","pl","pl",1
112,441,"informal","pl","pl",1
112,194,"informal","pl","sg",1
112,258,"informal","pl","sg",1
112,322,"informal","pl","sg",1
112,386,"informal","pl","sg",1
112,450,"informal","pl","sg",1
112,203,"informal","sg","pl",1
112,267,"informal","sg","pl",1
112,331,"informal","sg","pl",0
112,395,"informal","sg","pl",0
112,459,"informal","sg","pl",0
112,212,"informal","sg","sg",1
112,276,"informal","sg","sg",1
112,340,"informal","sg","sg",1
112,404,"informal","sg","sg",1
112,468,"informal","sg","sg",1
113,205,"formal","pl","pl",0
113,269,"formal","pl","pl",1
113,333,"formal","pl","pl",0
113,397,"formal","pl","pl",0
113,461,"formal","pl","pl",1
113,214,"formal","pl","sg",1
113,278,"formal","pl","sg",1
113,342,"formal","pl","sg",1
113,406,"formal","pl","sg",1
113,470,"formal","pl","sg",0
113,223,"formal","sg","pl",1
113,287,"formal","sg","pl",1
113,351,"formal","sg","pl",0
113,415,"formal","sg","pl",1
113,479,"formal","sg","pl",0
113,232,"formal","sg","sg",1
113,296,"formal","sg","sg",1
113,360,"formal","sg","sg",1
113,424,"formal","sg","sg",1
113,488,"formal","sg","sg",0
113,241,"informal","pl","pl",0
113,305,"informal","pl","pl",0
113,369,"informal","pl","pl",0
113,433,"informal","pl","pl",0
113,497,"informal","pl","pl",1
113,186,"informal","pl","sg",1
113,250,"informal","pl","sg",0
113,314,"informal","pl","sg",0
113,378,"informal","pl","sg",0
113,442,"informal","pl","sg",0
113,195,"informal","sg","pl",0
113,259,"informal","sg","pl",0
113,323,"informal","sg","pl",0
113,387,"informal","sg","pl",0
113,451,"informal","sg","pl",0
113,204,"informal","sg","sg",0
113,268,"informal","sg","sg",1
113,332,"informal","sg","sg",1
113,396,"informal","sg","sg",1
113,460,"informal","sg","sg",1
114,213,"formal","pl","pl",1
114,277,"formal","pl","pl",0
114,341,"formal","pl","pl",1
114,405,"formal","pl","pl",1
114,469,"formal","pl","pl",0
114,222,"formal","pl","sg",0
114,286,"formal","pl","sg",0
114,350,"formal","pl","sg",1
114,414,"formal","pl","sg",1
114,478,"formal","pl","sg",1
114,231,"formal","sg","pl",1
114,295,"formal","sg","pl",0
114,359,"formal","sg","pl",1
114,423,"formal","sg","pl",1
114,487,"formal","sg","pl",0
114,240,"formal","sg","sg",1
114,304,"formal","sg","sg",1
114,368,"formal","sg","sg",1
114,432,"formal","sg","sg",1
114,496,"formal","sg","sg",1
114,185,"informal","pl","pl",0
114,249,"informal","pl","pl",0
114,313,"informal","pl","pl",0
114,377,"informal","pl","pl",0
114,441,"informal","pl","pl",0
114,194,"informal","pl","sg",0
114,258,"informal","pl","sg",0
114,322,"informal","pl","sg",0
114,386,"informal","pl","sg",1
114,450,"informal","pl","sg",0
114,203,"informal","sg","pl",0
114,267,"informal","sg","pl",0
114,331,"informal","sg","pl",0
114,395,"informal","sg","pl",1
114,459,"informal","sg","pl",0
114,212,"informal","sg","sg",0
114,276,"informal","sg","sg",1
114,340,"informal","sg","sg",0
114,404,"informal","sg","sg",0
114,468,"informal","sg","sg",0
115,213,"formal","pl","pl",1
115,277,"formal","pl","pl",1
115,341,"formal","pl","pl",1
115,405,"formal","pl","pl",1
115,469,"formal","pl","pl",1
115,222,"formal","pl","sg",0
115,286,"formal","pl","sg",1
115,350,"formal","pl","sg",1
115,414,"formal","pl","sg",1
115,478,"formal","pl","sg",1
115,231,"formal","sg","pl",1
115,295,"formal","sg","pl",1
115,359,"formal","sg","pl",0
115,423,"formal","sg","pl",1
115,487,"formal","sg","pl",1
115,240,"formal","sg","sg",1
115,304,"formal","sg","sg",1
115,368,"formal","sg","sg",1
115,432,"formal","sg","sg",1
115,496,"formal","sg","sg",1
115,185,"informal","pl","pl",0
115,249,"informal","pl","pl",0
115,313,"informal","pl","pl",0
115,377,"informal","pl","pl",1
115,441,"informal","pl","pl",1
115,194,"informal","pl","sg",1
115,258,"informal","pl","sg",1
115,322,"informal","pl","sg",1
115,386,"informal","pl","sg",1
115,450,"informal","pl","sg",0
115,203,"informal","sg","pl",0
115,267,"informal","sg","pl",0
115,331,"informal","sg","pl",0
115,395,"informal","sg","pl",0
115,459,"informal","sg","pl",1
115,212,"informal","sg","sg",1
115,276,"informal","sg","sg",1
115,340,"informal","sg","sg",1
115,404,"informal","sg","sg",1
115,468,"informal","sg","sg",1
116,197,"formal","pl","pl",0
116,261,"formal","pl","pl",1
116,325,"formal","pl","pl",0
116,389,"formal","pl","pl",0
116,453,"formal","pl","pl",0
116,206,"formal","pl","sg",0
116,270,"formal","pl","sg",1
116,334,"formal","pl","sg",0
116,398,"formal","pl","sg",0
116,462,"formal","pl","sg",1
116,215,"formal","sg","pl",0
116,279,"formal","sg","pl",0
116,343,"formal","sg","pl",0
116,407,"formal","sg","pl",0
116,471,"formal","sg","pl",0
116,224,"formal","sg","sg",0
116,288,"formal","sg","sg",0
116,352,"formal","sg","sg",1
116,416,"formal","sg","sg",1
116,480,"formal","sg","sg",0
116,233,"informal","pl","pl",0
116,297,"informal","pl","pl",1
116,361,"informal","pl","pl",0
116,425,"informal","pl","pl",1
116,489,"informal","pl","pl",0
116,242,"informal","pl","sg",1
116,306,"informal","pl","sg",0
116,370,"informal","pl","sg",0
116,434,"informal","pl","sg",1
116,498,"informal","pl","sg",1
116,187,"informal","sg","pl",1
116,251,"informal","sg","pl",0
116,315,"informal","sg","pl",1
116,379,"informal","sg","pl",1
116,443,"informal","sg","pl",0
116,196,"informal","sg","sg",0
116,260,"informal","sg","sg",1
116,324,"informal","sg","sg",0
116,388,"informal","sg","sg",0
116,452,"informal","sg","sg",1
117,237,"formal","pl","pl",0
117,301,"formal","pl","pl",0
117,365,"formal","pl","pl",0
117,429,"formal","pl","pl",0
117,493,"formal","pl","pl",0
117,182,"formal","pl","sg",0
117,246,"formal","pl","sg",1
117,310,"formal","pl","sg",1
117,374,"formal","pl","sg",1
117,438,"formal","pl","sg",1
117,255,"formal","sg","pl",0
117,319,"formal","sg","pl",0
117,383,"formal","sg","pl",0
117,447,"formal","sg","pl",0
117,200,"formal","sg","sg",1
117,264,"formal","sg","sg",1
117,328,"formal","sg","sg",1
117,392,"formal","sg","sg",0
117,456,"formal","sg","sg",1
117,209,"informal","pl","pl",0
117,273,"informal","pl","pl",0
117,337,"informal","pl","pl",0
117,401,"informal","pl","pl",0
117,465,"informal","pl","pl",0
117,218,"informal","pl","sg",1
117,282,"informal","pl","sg",1
117,346,"informal","pl","sg",1
117,410,"informal","pl","sg",1
117,474,"informal","pl","sg",1
117,227,"informal","sg","pl",0
117,291,"informal","sg","pl",0
117,355,"informal","sg","pl",0
117,419,"informal","sg","pl",0
117,483,"informal","sg","pl",0
117,236,"informal","sg","sg",1
117,300,"informal","sg","sg",1
117,364,"informal","sg","sg",1
117,428,"informal","sg","sg",1
117,492,"informal","sg","sg",1
118,229,"formal","pl","pl",1
118,293,"formal","pl","pl",1
118,357,"formal","pl","pl",0
118,421,"formal","pl","pl",0
118,485,"formal","pl","pl",1
118,238,"formal","pl","sg",1
118,302,"formal","pl","sg",1
118,366,"formal","pl","sg",1
118,430,"formal","pl","sg",1
118,494,"formal","pl","sg",1
118,183,"formal","sg","pl",1
118,247,"formal","sg","pl",0
118,311,"formal","sg","pl",1
118,375,"formal","sg","pl",1
118,439,"formal","sg","pl",1
118,192,"formal","sg","sg",1
118,256,"formal","sg","sg",1
118,320,"formal","sg","sg",1
118,384,"formal","sg","sg",1
118,448,"formal","sg","sg",1
118,201,"informal","pl","pl",1
118,265,"informal","pl","pl",0
118,329,"informal","pl","pl",0
118,393,"informal","pl","pl",0
118,457,"informal","pl","pl",0
118,210,"informal","pl","sg",0
118,274,"informal","pl","sg",1
118,338,"informal","pl","sg",0
118,402,"informal","pl","sg",0
118,466,"informal","pl","sg",0
118,219,"informal","sg","pl",0
118,283,"informal","sg","pl",0
118,347,"informal","sg","pl",0
118,411,"informal","sg","pl",0
118,475,"informal","sg","pl",0
118,228,"informal","sg","sg",0
118,292,"informal","sg","sg",1
118,356,"informal","sg","sg",1
118,420,"informal","sg","sg",0
118,484,"informal","sg","sg",0
119,229,"formal","pl","pl",0
119,293,"formal","pl","pl",1
119,357,"formal","pl","pl",0
119,485,"formal","pl","pl",0
119,238,"formal","pl","sg",1
119,302,"formal","pl","sg",0
119,366,"formal","pl","sg",1
119,430,"formal","pl","sg",1
119,494,"formal","pl","sg",1
119,183,"formal","sg","pl",0
119,247,"formal","sg","pl",0
119,375,"formal","sg","pl",0
119,439,"formal","sg","pl",0
119,192,"formal","sg","sg",1
119,256,"formal","sg","sg",1
119,320,"formal","sg","sg",1
119,384,"formal","sg","sg",1
119,448,"formal","sg","sg",1
119,201,"informal","pl","pl",0
119,265,"informal","pl","pl",0
119,329,"informal","pl","pl",0
119,393,"informal","pl","pl",0
119,457,"informal","pl","pl",0
119,210,"informal","pl","sg",1
119,274,"informal","pl","sg",1
119,338,"informal","pl","sg",1
119,402,"informal","pl","sg",1
119,466,"informal","pl","sg",1
119,219,"informal","sg","pl",0
119,283,"informal","sg","pl",0
119,347,"informal","sg","pl",0
119,411,"informal","sg","pl",0
119,475,"informal","sg","pl",0
119,228,"informal","sg","sg",0
119,292,"informal","sg","sg",1
119,356,"informal","sg","sg",1
119,420,"informal","sg","sg",1
119,484,"informal","sg","sg",1
120,221,"formal","pl","pl",1
120,285,"formal","pl","pl",1
120,349,"formal","pl","pl",0
120,413,"formal","pl","pl",1
120,477,"formal","pl","pl",1
120,230,"formal","pl","sg",1
120,294,"formal","pl","sg",1
120,358,"formal","pl","sg",1
120,422,"formal","pl","sg",1
120,486,"formal","pl","sg",1
120,239,"formal","sg","pl",0
120,303,"formal","sg","pl",0
120,367,"formal","sg","pl",0
120,431,"formal","sg","pl",0
120,495,"formal","sg","pl",1
120,184,"formal","sg","sg",1
120,248,"formal","sg","sg",1
120,312,"formal","sg","sg",1
120,376,"formal","sg","sg",1
120,440,"formal","sg","sg",1
120,193,"informal","pl","pl",0
120,257,"informal","pl","pl",0
120,321,"informal","pl","pl",0
120,385,"informal","pl","pl",0
120,449,"informal","pl","pl",0
120,202,"informal","pl","sg",1
120,266,"informal","pl","sg",1
120,330,"informal","pl","sg",1
120,394,"informal","pl","sg",1
120,458,"informal","pl","sg",1
120,211,"informal","sg","pl",0
120,275,"informal","sg","pl",1
120,339,"informal","sg","pl",1
120,403,"informal","sg","pl",1
120,467,"informal","sg","pl",0
120,220,"informal","sg","sg",1
120,284,"informal","sg","sg",1
120,348,"informal","sg","sg",1
120,412,"informal","sg","sg",1
120,476,"informal","sg","sg",1
121,229,"formal","pl","pl",0
121,293,"formal","pl","pl",1
121,357,"formal","pl","pl",1
121,421,"formal","pl","pl",1
121,485,"formal","pl","pl",1
121,238,"formal","pl","sg",1
121,302,"formal","pl","sg",0
121,366,"formal","pl","sg",0
121,430,"formal","pl","sg",1
121,494,"formal","pl","sg",1
121,183,"formal","sg","pl",1
121,247,"formal","sg","pl",0
121,311,"formal","sg","pl",1
121,375,"formal","sg","pl",0
121,439,"formal","sg","pl",0
121,192,"formal","sg","sg",0
121,256,"formal","sg","sg",1
121,320,"formal","sg","sg",0
121,384,"formal","sg","sg",0
121,448,"formal","sg","sg",0
121,201,"informal","pl","pl",0
121,265,"informal","pl","pl",0
121,329,"informal","pl","pl",0
121,393,"informal","pl","pl",0
121,457,"informal","pl","pl",0
121,210,"informal","pl","sg",0
121,274,"informal","pl","sg",1
121,338,"informal","pl","sg",0
121,402,"informal","pl","sg",0
121,466,"informal","pl","sg",0
121,219,"informal","sg","pl",0
121,283,"informal","sg","pl",0
121,347,"informal","sg","pl",0
121,411,"informal","sg","pl",0
121,475,"informal","sg","pl",0
121,228,"informal","sg","sg",0
121,292,"informal","sg","sg",0
121,356,"informal","sg","sg",1
121,420,"informal","sg","sg",0
121,484,"informal","sg","sg",1
122,205,"formal","pl","pl",0
122,269,"formal","pl","pl",1
122,333,"formal","pl","pl",0
122,397,"formal","pl","pl",0
122,461,"formal","pl","pl",1
122,214,"formal","pl","sg",1
122,278,"formal","pl","sg",1
122,342,"formal","pl","sg",1
122,406,"formal","pl","sg",1
122,470,"formal","pl","sg",1
122,223,"formal","sg","pl",1
122,287,"formal","sg","pl",0
122,351,"formal","sg","pl",0
122,415,"formal","sg","pl",0
122,479,"formal","sg","pl",0
122,232,"formal","sg","sg",1
122,296,"formal","sg","sg",1
122,360,"formal","sg","sg",1
122,424,"formal","sg","sg",1
122,488,"formal","sg","sg",1
122,241,"informal","pl","pl",0
122,305,"informal","pl","pl",0
122,369,"informal","pl","pl",0
122,433,"informal","pl","pl",1
122,497,"informal","pl","pl",1
122,186,"informal","pl","sg",1
122,250,"informal","pl","sg",1
122,314,"informal","pl","sg",1
122,378,"informal","pl","sg",1
122,442,"informal","pl","sg",1
122,195,"informal","sg","pl",0
122,259,"informal","sg","pl",0
122,323,"informal","sg","pl",0
122,387,"informal","sg","pl",1
122,451,"informal","sg","pl",0
122,204,"informal","sg","sg",1
122,268,"informal","sg","sg",1
122,332,"informal","sg","sg",1
122,396,"informal","sg","sg",1
122,460,"informal","sg","sg",1
123,197,"formal","pl","pl",1
123,261,"formal","pl","pl",1
123,325,"formal","pl","pl",0
123,389,"formal","pl","pl",0
123,453,"formal","pl","pl",0
123,206,"formal","pl","sg",1
123,270,"formal","pl","sg",1
123,334,"formal","pl","sg",1
123,398,"formal","pl","sg",1
123,462,"formal","pl","sg",1
123,215,"formal","sg","pl",0
123,279,"formal","sg","pl",0
123,343,"formal","sg","pl",0
123,407,"formal","sg","pl",0
123,471,"formal","sg","pl",0
123,224,"formal","sg","sg",1
123,288,"formal","sg","sg",1
123,352,"formal","sg","sg",1
123,416,"formal","sg","sg",1
123,480,"formal","sg","sg",0
123,233,"informal","pl","pl",0
123,297,"informal","pl","pl",1
123,361,"informal","pl","pl",1
123,425,"informal","pl","pl",1
123,489,"informal","pl","pl",1
123,242,"informal","pl","sg",0
123,306,"informal","pl","sg",1
123,370,"informal","pl","sg",1
123,434,"informal","pl","sg",1
123,498,"informal","pl","sg",1
123,187,"informal","sg","pl",0
123,251,"informal","sg","pl",0
123,315,"informal","sg","pl",0
123,379,"informal","sg","pl",1
123,443,"informal","sg","pl",0
123,196,"informal","sg","sg",1
123,260,"informal","sg","sg",0
123,324,"informal","sg","sg",1
123,388,"informal","sg","sg",1
123,452,"informal","sg","sg",1
124,181,"formal","pl","pl",1
124,245,"formal","pl","pl",1
124,373,"formal","pl","pl",1
124,437,"formal","pl","pl",0
124,190,"formal","pl","sg",1
124,254,"formal","pl","sg",1
124,318,"formal","pl","sg",1
124,382,"formal","pl","sg",1
124,446,"formal","pl","sg",1
124,199,"formal","sg","pl",0
124,263,"formal","sg","pl",0
124,327,"formal","sg","pl",0
124,391,"formal","sg","pl",0
124,455,"formal","sg","pl",0
124,208,"formal","sg","sg",1
124,272,"formal","sg","sg",1
124,336,"formal","sg","sg",1
124,400,"formal","sg","sg",1
124,464,"formal","sg","sg",1
124,217,"informal","pl","pl",0
124,281,"informal","pl","pl",0
124,345,"informal","pl","pl",0
124,409,"informal","pl","pl",1
124,473,"informal","pl","pl",0
124,226,"informal","pl","sg",0
124,290,"informal","pl","sg",1
124,354,"informal","pl","sg",1
124,418,"informal","pl","sg",1
124,482,"informal","pl","sg",0
124,235,"informal","sg","pl",0
124,299,"informal","sg","pl",1
124,363,"informal","sg","pl",0
124,427,"informal","sg","pl",0
124,491,"informal","sg","pl",0
124,244,"informal","sg","sg",1
124,308,"informal","sg","sg",1
124,372,"informal","sg","sg",1
124,436,"informal","sg","sg",1
124,500,"informal","sg","sg",1
125,237,"formal","pl","pl",0
125,301,"formal","pl","pl",0
125,365,"formal","pl","pl",0
125,429,"formal","pl","pl",1
125,493,"formal","pl","pl",1
125,182,"formal","pl","sg",0
125,246,"formal","pl","sg",1
125,310,"formal","pl","sg",1
125,374,"formal","pl","sg",1
125,438,"formal","pl","sg",1
125,191,"formal","sg","pl",1
125,255,"formal","sg","pl",0
125,319,"formal","sg","pl",0
125,383,"formal","sg","pl",0
125,447,"formal","sg","pl",0
125,200,"formal","sg","sg",1
125,264,"formal","sg","sg",1
125,328,"formal","sg","sg",1
125,392,"formal","sg","sg",0
125,456,"formal","sg","sg",1
125,209,"informal","pl","pl",0
125,273,"informal","pl","pl",1
125,337,"informal","pl","pl",1
125,401,"informal","pl","pl",0
125,465,"informal","pl","pl",0
125,218,"informal","pl","sg",1
125,282,"informal","pl","sg",1
125,346,"informal","pl","sg",1
125,410,"informal","pl","sg",1
125,474,"informal","pl","sg",1
125,227,"informal","sg","pl",0
125,291,"informal","sg","pl",0
125,355,"informal","sg","pl",0
125,419,"informal","sg","pl",0
125,483,"informal","sg","pl",0
125,236,"informal","sg","sg",1
125,300,"informal","sg","sg",1
125,364,"informal","sg","sg",1
125,428,"informal","sg","sg",1
125,492,"informal","sg","sg",0
126,229,"formal","pl","pl",0
126,293,"formal","pl","pl",0
126,357,"formal","pl","pl",1
126,421,"formal","pl","pl",1
126,485,"formal","pl","pl",0
126,238,"formal","pl","sg",1
126,302,"formal","pl","sg",1
126,366,"formal","pl","sg",1
126,430,"formal","pl","sg",1
126,494,"formal","pl","sg",1
126,183,"formal","sg","pl",0
126,247,"formal","sg","pl",1
126,311,"formal","sg","pl",0
126,375,"formal","sg","pl",0
126,439,"formal","sg","pl",0
126,192,"formal","sg","sg",1
126,256,"formal","sg","sg",0
126,320,"formal","sg","sg",1
126,384,"formal","sg","sg",1
126,448,"formal","sg","sg",1
126,201,"informal","pl","pl",0
126,265,"informal","pl","pl",1
126,329,"informal","pl","pl",0
126,393,"informal","pl","pl",0
126,457,"informal","pl","pl",1
126,210,"informal","pl","sg",1
126,274,"informal","pl","sg",1
126,338,"informal","pl","sg",1
126,402,"informal","pl","sg",1
126,466,"informal","pl","sg",1
126,219,"informal","sg","pl",0
126,283,"informal","sg","pl",0
126,347,"informal","sg","pl",0
126,411,"informal","sg","pl",0
126,475,"informal","sg","pl",0
126,228,"informal","sg","sg",1
126,292,"informal","sg","sg",1
126,356,"informal","sg","sg",1
126,420,"informal","sg","sg",1
126,484,"informal","sg","sg",1
127,205,"formal","pl","pl",0
127,269,"formal","pl","pl",1
127,333,"formal","pl","pl",0
127,397,"formal","pl","pl",0
127,461,"formal","pl","pl",0
127,214,"formal","pl","sg",1
127,278,"formal","pl","sg",1
127,342,"formal","pl","sg",1
127,406,"formal","pl","sg",0
127,470,"formal","pl","sg",1
127,223,"formal","sg","pl",0
127,287,"formal","sg","pl",0
127,351,"formal","sg","pl",0
127,415,"formal","sg","pl",0
127,479,"formal","sg","pl",0
127,232,"formal","sg","sg",1
127,296,"formal","sg","sg",1
127,360,"formal","sg","sg",1
127,424,"formal","sg","sg",1
127,488,"formal","sg","sg",0
127,241,"informal","pl","pl",1
127,305,"informal","pl","pl",0
127,369,"informal","pl","pl",0
127,433,"informal","pl","pl",0
127,497,"informal","pl","pl",1
127,186,"informal","pl","sg",1
127,250,"informal","pl","sg",1
127,314,"informal","pl","sg",0
127,378,"informal","pl","sg",0
127,442,"informal","pl","sg",1
127,195,"informal","sg","pl",0
127,259,"informal","sg","pl",0
127,323,"informal","sg","pl",0
127,387,"informal","sg","pl",0
127,451,"informal","sg","pl",0
127,204,"informal","sg","sg",1
127,268,"informal","sg","sg",1
127,332,"informal","sg","sg",1
127,396,"informal","sg","sg",1
127,460,"informal","sg","sg",1
128,213,"formal","pl","pl",0
128,277,"formal","pl","pl",0
128,341,"formal","pl","pl",1
128,405,"formal","pl","pl",0
128,469,"formal","pl","pl",0
128,222,"formal","pl","sg",1
128,286,"formal","pl","sg",0
128,350,"formal","pl","sg",0
128,414,"formal","pl","sg",0
128,478,"formal","pl","sg",1
128,231,"formal","sg","pl",0
128,295,"formal","sg","pl",1
128,359,"formal","sg","pl",0
128,423,"formal","sg","pl",1
128,487,"formal","sg","pl",0
128,240,"formal","sg","sg",0
128,304,"formal","sg","sg",0
128,368,"formal","sg","sg",1
128,432,"formal","sg","sg",0
128,496,"formal","sg","sg",0
128,185,"informal","pl","pl",0
128,249,"informal","pl","pl",0
128,313,"informal","pl","pl",0
128,377,"informal","pl","pl",0
128,441,"informal","pl","pl",0
128,194,"informal","pl","sg",1
128,258,"informal","pl","sg",0
128,322,"informal","pl","sg",0
128,386,"informal","pl","sg",0
128,450,"informal","pl","sg",0
128,203,"informal","sg","pl",0
128,267,"informal","sg","pl",1
128,331,"informal","sg","pl",0
128,395,"informal","sg","pl",1
128,459,"informal","sg","pl",0
128,212,"informal","sg","sg",0
128,276,"informal","sg","sg",0
128,404,"informal","sg","sg",1
128,468,"informal","sg","sg",1
129,213,"formal","pl","pl",0
129,277,"formal","pl","pl",0
129,341,"formal","pl","pl",0
129,405,"formal","pl","pl",0
129,469,"formal","pl","pl",0
129,222,"formal","pl","sg",1
129,286,"formal","pl","sg",1
129,350,"formal","pl","sg",1
129,414,"formal","pl","sg",1
129,478,"formal","pl","sg",1
129,231,"formal","sg","pl",0
129,295,"formal","sg","pl",0
129,359,"formal","sg","pl",0
129,423,"formal","sg","pl",0
129,487,"formal","sg","pl",0
129,240,"formal","sg","sg",1
129,304,"formal","sg","sg",1
129,368,"formal","sg","sg",1
129,432,"formal","sg","sg",1
129,496,"formal","sg","sg",1
129,185,"informal","pl","pl",0
129,249,"informal","pl","pl",0
129,313,"informal","pl","pl",0
129,377,"informal","pl","pl",0
129,441,"informal","pl","pl",0
129,194,"informal","pl","sg",1
129,258,"informal","pl","sg",1
129,322,"informal","pl","sg",1
129,386,"informal","pl","sg",1
129,450,"informal","pl","sg",1
129,203,"informal","sg","pl",0
129,267,"informal","sg","pl",0
129,331,"informal","sg","pl",0
129,395,"informal","sg","pl",0
129,459,"informal","sg","pl",0
129,212,"informal","sg","sg",1
129,276,"informal","sg","sg",1
129,340,"informal","sg","sg",1
129,404,"informal","sg","sg",1
129,468,"informal","sg","sg",1
130,197,"formal","pl","pl",0
130,261,"formal","pl","pl",1
130,325,"formal","pl","pl",0
130,389,"formal","pl","pl",0
130,453,"formal","pl","pl",0
130,206,"formal","pl","sg",0
130,270,"formal","pl","sg",1
130,334,"formal","pl","sg",1
130,398,"formal","pl","sg",1
130,462,"formal","pl","sg",1
130,215,"formal","sg","pl",1
130,279,"formal","sg","pl",0
130,343,"formal","sg","pl",1
130,407,"formal","sg","pl",0
130,471,"formal","sg","pl",1
130,224,"formal","sg","sg",0
130,288,"formal","sg","sg",0
130,352,"formal","sg","sg",1
130,416,"formal","sg","sg",1
130,480,"formal","sg","sg",1
130,233,"informal","pl","pl",0
130,297,"informal","pl","pl",1
130,361,"informal","pl","pl",0
130,425,"informal","pl","pl",0
130,489,"informal","pl","pl",0
130,242,"informal","pl","sg",0
130,306,"informal","pl","sg",0
130,370,"informal","pl","sg",1
130,434,"informal","pl","sg",0
130,498,"informal","pl","sg",1
130,187,"informal","sg","pl",1
130,251,"informal","sg","pl",0
130,315,"informal","sg","pl",0
130,379,"informal","sg","pl",0
130,443,"informal","sg","pl",0
130,196,"informal","sg","sg",1
130,260,"informal","sg","sg",0
130,324,"informal","sg","sg",1
130,388,"informal","sg","sg",1
130,452,"informal","sg","sg",0
131,189,"formal","pl","pl",0
131,253,"formal","pl","pl",1
131,317,"formal","pl","pl",1
131,381,"formal","pl","pl",1
131,445,"formal","pl","pl",1
131,198,"formal","pl","sg",1
131,262,"formal","pl","sg",1
131,326,"formal","pl","sg",1
131,390,"formal","pl","sg",1
131,454,"formal","pl","sg",1
131,207,"formal","sg","pl",0
131,271,"formal","sg","pl",1
131,335,"formal","sg","pl",1
131,463,"formal","sg","pl",0
131,216,"formal","sg","sg",1
131,280,"formal","sg","sg",1
131,344,"formal","sg","sg",1
131,408,"formal","sg","sg",1
131,472,"formal","sg","sg",1
131,225,"informal","pl","pl",0
131,289,"informal","pl","pl",1
131,353,"informal","pl","pl",0
131,417,"informal","pl","pl",0
131,481,"informal","pl","pl",1
131,234,"informal","pl","sg",1
131,298,"informal","pl","sg",1
131,362,"informal","pl","sg",1
131,426,"informal","pl","sg",1
131,490,"informal","pl","sg",1
131,243,"informal","sg","pl",0
131,307,"informal","sg","pl",0
131,371,"informal","sg","pl",0
131,435,"informal","sg","pl",0
131,499,"informal","sg","pl",1
131,188,"informal","sg","sg",1
131,252,"informal","sg","sg",1
131,316,"informal","sg","sg",1
131,380,"informal","sg","sg",1
131,444,"informal","sg","sg",1
132,181,"formal","pl","pl",0
132,245,"formal","pl","pl",1
132,309,"formal","pl","pl",0
132,373,"formal","pl","pl",0
132,437,"formal","pl","pl",0
132,190,"formal","pl","sg",1
132,254,"formal","pl","sg",1
132,318,"formal","pl","sg",1
132,382,"formal","pl","sg",1
132,446,"formal","pl","sg",1
132,199,"formal","sg","pl",0
132,263,"formal","sg","pl",0
132,327,"formal","sg","pl",0
132,391,"formal","sg","pl",0
132,455,"formal","sg","pl",0
132,208,"formal","sg","sg",1
132,272,"formal","sg","sg",1
132,336,"formal","sg","sg",1
132,400,"formal","sg","sg",1
132,464,"formal","sg","sg",1
132,217,"informal","pl","pl",0
132,281,"informal","pl","pl",0
132,345,"informal","pl","pl",0
132,409,"informal","pl","pl",0
132,473,"informal","pl","pl",0
132,226,"informal","pl","sg",1
132,290,"informal","pl","sg",1
132,354,"informal","pl","sg",1
132,418,"informal","pl","sg",1
132,482,"informal","pl","sg",1
132,235,"informal","sg","pl",0
132,299,"informal","sg","pl",0
132,363,"informal","sg","pl",0
132,427,"informal","sg","pl",0
132,491,"informal","sg","pl",0
132,244,"informal","sg","sg",1
132,308,"informal","sg","sg",1
132,372,"informal","sg","sg",1
132,436,"informal","sg","sg",1
132,500,"informal","sg","sg",1
133,237,"formal","pl","pl",1
133,301,"formal","pl","pl",1
133,365,"formal","pl","pl",1
133,429,"formal","pl","pl",0
133,493,"formal","pl","pl",0
133,182,"formal","pl","sg",1
133,246,"formal","pl","sg",1
133,310,"formal","pl","sg",1
133,374,"formal","pl","sg",1
133,438,"formal","pl","sg",1
133,191,"formal","sg","pl",0
133,255,"formal","sg","pl",1
133,319,"formal","sg","pl",0
133,383,"formal","sg","pl",0
133,447,"formal","sg","pl",0
133,200,"formal","sg","sg",1
133,264,"formal","sg","sg",1
133,328,"formal","sg","sg",1
133,392,"formal","sg","sg",1
133,456,"formal","sg","sg",1
133,209,"informal","pl","pl",0
133,273,"informal","pl","pl",0
133,337,"informal","pl","pl",1
133,401,"informal","pl","pl",1
133,465,"informal","pl","pl",0
133,218,"informal","pl","sg",1
133,282,"informal","pl","sg",1
133,346,"informal","pl","sg",1
133,410,"informal","pl","sg",1
133,474,"informal","pl","sg",1
133,227,"informal","sg","pl",0
133,291,"informal","sg","pl",0
133,355,"informal","sg","pl",0
133,419,"informal","sg","pl",0
133,483,"informal","sg","pl",0
133,236,"informal","sg","sg",1
133,300,"informal","sg","sg",1
133,428,"informal","sg","sg",1
133,492,"informal","sg","sg",0
134,237,"formal","pl","pl",0
134,301,"formal","pl","pl",0
134,365,"formal","pl","pl",0
134,429,"formal","pl","pl",0
134,493,"formal","pl","pl",0
134,182,"formal","pl","sg",1
134,246,"formal","pl","sg",1
134,310,"formal","pl","sg",1
134,374,"formal","pl","sg",1
134,438,"formal","pl","sg",1
134,191,"formal","sg","pl",0
134,255,"formal","sg","pl",0
134,319,"formal","sg","pl",0
134,383,"formal","sg","pl",0
134,447,"formal","sg","pl",0
134,200,"formal","sg","sg",0
134,264,"formal","sg","sg",1
134,328,"formal","sg","sg",0
134,456,"formal","sg","sg",0
134,209,"informal","pl","pl",0
134,273,"informal","pl","pl",0
134,337,"informal","pl","pl",0
134,401,"informal","pl","pl",0
134,465,"informal","pl","pl",1
134,218,"informal","pl","sg",1
134,282,"informal","pl","sg",1
134,346,"informal","pl","sg",1
134,474,"informal","pl","sg",1
134,227,"informal","sg","pl",0
134,291,"informal","sg","pl",0
134,355,"informal","sg","pl",0
134,419,"informal","sg","pl",0
134,483,"informal","sg","pl",0
134,236,"informal","sg","sg",1
134,300,"informal","sg","sg",0
134,364,"informal","sg","sg",1
134,428,"informal","sg","sg",1
134,492,"informal","sg","sg",1
135,237,"formal","pl","pl",1
135,301,"formal","pl","pl",0
135,365,"formal","pl","pl",1
135,429,"formal","pl","pl",0
135,493,"formal","pl","pl",1
135,182,"formal","pl","sg",1
135,246,"formal","pl","sg",1
135,310,"formal","pl","sg",1
135,374,"formal","pl","sg",1
135,438,"formal","pl","sg",1
135,191,"formal","sg","pl",0
135,255,"formal","sg","pl",0
135,319,"formal","sg","pl",0
135,383,"formal","sg","pl",1
135,447,"formal","sg","pl",0
135,200,"formal","sg","sg",1
135,264,"formal","sg","sg",1
135,328,"formal","sg","sg",0
135,392,"formal","sg","sg",1
135,456,"formal","sg","sg",1
135,209,"informal","pl","pl",0
135,273,"informal","pl","pl",1
135,337,"informal","pl","pl",0
135,401,"informal","pl","pl",1
135,465,"informal","pl","pl",0
135,218,"informal","pl","sg",1
135,282,"informal","pl","sg",1
135,346,"informal","pl","sg",0
135,410,"informal","pl","sg",1
135,474,"informal","pl","sg",1
135,227,"informal","sg","pl",0
135,291,"informal","sg","pl",0
135,355,"informal","sg","pl",0
135,419,"informal","sg","pl",0
135,483,"informal","sg","pl",0
135,236,"informal","sg","sg",1
135,300,"informal","sg","sg",1
135,364,"informal","sg","sg",1
135,428,"informal","sg","sg",1
135,492,"informal","sg","sg",1
136,213,"formal","pl","pl",0
136,277,"formal","pl","pl",0
136,341,"formal","pl","pl",1
136,405,"formal","pl","pl",1
136,469,"formal","pl","pl",1
136,222,"formal","pl","sg",0
136,286,"formal","pl","sg",1
136,350,"formal","pl","sg",1
136,414,"formal","pl","sg",1
136,478,"formal","pl","sg",1
136,231,"formal","sg","pl",0
136,295,"formal","sg","pl",1
136,359,"formal","sg","pl",0
136,423,"formal","sg","pl",1
136,487,"formal","sg","pl",0
136,240,"formal","sg","sg",1
136,304,"formal","sg","sg",1
136,368,"formal","sg","sg",1
136,432,"formal","sg","sg",1
136,496,"formal","sg","sg",1
136,185,"informal","pl","pl",0
136,249,"informal","pl","pl",0
136,313,"informal","pl","pl",0
136,377,"informal","pl","pl",0
136,441,"informal","pl","pl",0
136,194,"informal","pl","sg",1
136,258,"informal","pl","sg",1
136,322,"informal","pl","sg",1
136,386,"informal","pl","sg",1
136,450,"informal","pl","sg",1
136,203,"informal","sg","pl",0
136,267,"informal","sg","pl",0
136,331,"informal","sg","pl",1
136,395,"informal","sg","pl",0
136,459,"informal","sg","pl",1
136,212,"informal","sg","sg",1
136,276,"informal","sg","sg",1
136,340,"informal","sg","sg",0
136,404,"informal","sg","sg",1
136,468,"informal","sg","sg",1
137,205,"formal","pl","pl",0
137,269,"formal","pl","pl",0
137,333,"formal","pl","pl",0
137,397,"formal","pl","pl",1
137,461,"formal","pl","pl",0
137,214,"formal","pl","sg",1
137,278,"formal","pl","sg",1
137,342,"formal","pl","sg",1
137,406,"formal","pl","sg",1
137,470,"formal","pl","sg",1
137,223,"formal","sg","pl",0
137,287,"formal","sg","pl",0
137,351,"formal","sg","pl",0
137,415,"formal","sg","pl",0
137,479,"formal","sg","pl",0
137,232,"formal","sg","sg",1
137,296,"formal","sg","sg",0
137,360,"formal","sg","sg",1
137,424,"formal","sg","sg",1
137,488,"formal","sg","sg",0
137,241,"informal","pl","pl",0
137,305,"informal","pl","pl",0
137,369,"informal","pl","pl",0
137,433,"informal","pl","pl",0
137,497,"informal","pl","pl",0
137,186,"informal","pl","sg",1
137,250,"informal","pl","sg",1
137,314,"informal","pl","sg",1
137,442,"informal","pl","sg",1
137,195,"informal","sg","pl",0
137,259,"informal","sg","pl",0
137,323,"informal","sg","pl",0
137,387,"informal","sg","pl",0
137,451,"informal","sg","pl",0
137,204,"informal","sg","sg",1
137,268,"informal","sg","sg",1
137,332,"informal","sg","sg",1
137,396,"informal","sg","sg",1
137,460,"informal","sg","sg",1
138,197,"formal","pl","pl",0
138,261,"formal","pl","pl",0
138,325,"formal","pl","pl",0
138,389,"formal","pl","pl",0
138,453,"formal","pl","pl",0
138,206,"formal","pl","sg",1
138,270,"formal","pl","sg",1
138,334,"formal","pl","sg",1
138,398,"formal","pl","sg",1
138,462,"formal","pl","sg",0
138,215,"formal","sg","pl",1
138,279,"formal","sg","pl",0
138,343,"formal","sg","pl",0
138,407,"formal","sg","pl",0
138,471,"formal","sg","pl",0
138,224,"formal","sg","sg",1
138,288,"formal","sg","sg",1
138,352,"formal","sg","sg",0
138,416,"formal","sg","sg",1
138,480,"formal","sg","sg",1
138,233,"informal","pl","pl",0
138,297,"informal","pl","pl",0
138,361,"informal","pl","pl",0
138,425,"informal","pl","pl",0
138,489,"informal","pl","pl",0
138,242,"informal","pl","sg",1
138,306,"informal","pl","sg",1
138,370,"informal","pl","sg",1
138,434,"informal","pl","sg",1
138,498,"informal","pl","sg",1
138,187,"informal","sg","pl",0
138,251,"informal","sg","pl",1
138,315,"informal","sg","pl",0
138,443,"informal","sg","pl",1
138,196,"informal","sg","sg",1
138,260,"informal","sg","sg",1
138,324,"informal","sg","sg",1
138,388,"informal","sg","sg",1
138,452,"informal","sg","sg",1
139,197,"formal","pl","pl",1
139,261,"formal","pl","pl",0
139,325,"formal","pl","pl",1
139,389,"formal","pl","pl",1
139,453,"formal","pl","pl",0
139,206,"formal","pl","sg",1
139,270,"formal","pl","sg",1
139,334,"formal","pl","sg",1
139,398,"formal","pl","sg",1
139,462,"formal","pl","sg",1
139,215,"formal","sg","pl",1
139,279,"formal","sg","pl",1
139,343,"formal","sg","pl",0
139,407,"formal","sg","pl",0
139,471,"formal","sg","pl",1
139,224,"formal","sg","sg",0
139,288,"formal","sg","sg",1
139,352,"formal","sg","sg",0
139,416,"formal","sg","sg",1
139,480,"formal","sg","sg",1
139,233,"informal","pl","pl",0
139,297,"informal","pl","pl",0
139,361,"informal","pl","pl",0
139,425,"informal","pl","pl",0
139,489,"informal","pl","pl",0
139,242,"informal","pl","sg",0
139,306,"informal","pl","sg",0
139,370,"informal","pl","sg",0
139,434,"informal","pl","sg",0
139,498,"informal","pl","sg",0
139,187,"informal","sg","pl",0
139,251,"informal","sg","pl",0
139,315,"informal","sg","pl",0
139,443,"informal","sg","pl",0
139,196,"informal","sg","sg",1
139,260,"informal","sg","sg",1
139,324,"informal","sg","sg",0
139,388,"informal","sg","sg",1
139,452,"informal","sg","sg",0
140,181,"formal","pl","pl",0
140,245,"formal","pl","pl",0
140,309,"formal","pl","pl",0
140,373,"formal","pl","pl",1
140,437,"formal","pl","pl",0
140,190,"formal","pl","sg",1
140,254,"formal","pl","sg",1
140,318,"formal","pl","sg",1
140,382,"formal","pl","sg",1
140,446,"formal","pl","sg",1
140,199,"formal","sg","pl",0
140,263,"formal","sg","pl",0
140,327,"formal","sg","pl",0
140,391,"formal","sg","pl",0
140,455,"formal","sg","pl",1
140,208,"formal","sg","sg",1
140,272,"formal","sg","sg",1
140,336,"formal","sg","sg",0
140,400,"formal","sg","sg",1
140,464,"formal","sg","sg",1
140,217,"informal","pl","pl",1
140,281,"informal","pl","pl",0
140,345,"informal","pl","pl",1
140,409,"informal","pl","pl",0
140,473,"informal","pl","pl",0
140,226,"informal","pl","sg",0
140,290,"informal","pl","sg",1
140,354,"informal","pl","sg",0
140,418,"informal","pl","sg",1
140,482,"informal","pl","sg",1
140,235,"informal","sg","pl",0
140,299,"informal","sg","pl",0
140,363,"informal","sg","pl",0
140,427,"informal","sg","pl",0
140,491,"informal","sg","pl",0
140,244,"informal","sg","sg",1
140,308,"informal","sg","sg",1
140,372,"informal","sg","sg",1
140,436,"informal","sg","sg",0
140,500,"informal","sg","sg",1
141,237,"formal","pl","pl",0
141,301,"formal","pl","pl",1
141,365,"formal","pl","pl",0
141,429,"formal","pl","pl",1
141,493,"formal","pl","pl",0
141,182,"formal","pl","sg",1
141,246,"formal","pl","sg",1
141,310,"formal","pl","sg",1
141,374,"formal","pl","sg",1
141,438,"formal","pl","sg",1
141,191,"formal","sg","pl",0
141,255,"formal","sg","pl",0
141,319,"formal","sg","pl",0
141,383,"formal","sg","pl",0
141,447,"formal","sg","pl",0
141,200,"formal","sg","sg",1
141,264,"formal","sg","sg",1
141,328,"formal","sg","sg",1
141,392,"formal","sg","sg",1
141,456,"formal","sg","sg",1
141,209,"informal","pl","pl",0
141,273,"informal","pl","pl",0
141,337,"informal","pl","pl",1
141,401,"informal","pl","pl",0
141,465,"informal","pl","pl",1
141,218,"informal","pl","sg",1
141,282,"informal","pl","sg",1
141,346,"informal","pl","sg",1
141,410,"informal","pl","sg",1
141,474,"informal","pl","sg",1
141,227,"informal","sg","pl",0
141,291,"informal","sg","pl",0
141,355,"informal","sg","pl",0
141,419,"informal","sg","pl",0
141,483,"informal","sg","pl",0
141,236,"informal","sg","sg",1
141,300,"informal","sg","sg",1
141,364,"informal","sg","sg",1
141,428,"informal","sg","sg",1
141,492,"informal","sg","sg",1
142,237,"formal","pl","pl",0
142,301,"formal","pl","pl",1
142,365,"formal","pl","pl",1
142,429,"formal","pl","pl",0
142,493,"formal","pl","pl",0
142,182,"formal","pl","sg",1
142,246,"formal","pl","sg",1
142,310,"formal","pl","sg",1
142,374,"formal","pl","sg",1
142,438,"formal","pl","sg",0
142,191,"formal","sg","pl",1
142,255,"formal","sg","pl",0
142,319,"formal","sg","pl",0
142,383,"formal","sg","pl",0
142,447,"formal","sg","pl",0
142,200,"formal","sg","sg",1
142,264,"formal","sg","sg",0
142,328,"formal","sg","sg",1
142,392,"formal","sg","sg",1
142,456,"formal","sg","sg",1
142,209,"informal","pl","pl",0
142,273,"informal","pl","pl",1
142,337,"informal","pl","pl",0
142,401,"informal","pl","pl",1
142,465,"informal","pl","pl",1
142,218,"informal","pl","sg",1
142,282,"informal","pl","sg",0
142,346,"informal","pl","sg",1
142,410,"informal","pl","sg",1
142,474,"informal","pl","sg",1
142,227,"informal","sg","pl",0
142,291,"informal","sg","pl",0
142,355,"informal","sg","pl",0
142,419,"informal","sg","pl",0
142,483,"informal","sg","pl",0
142,236,"informal","sg","sg",1
142,300,"informal","sg","sg",1
142,364,"informal","sg","sg",1
142,428,"informal","sg","sg",1
142,492,"informal","sg","sg",1
143,221,"formal","pl","pl",0
143,285,"formal","pl","pl",1
143,349,"formal","pl","pl",1
143,413,"formal","pl","pl",1
143,477,"formal","pl","pl",1
143,230,"formal","pl","sg",1
143,294,"formal","pl","sg",1
143,358,"formal","pl","sg",0
143,422,"formal","pl","sg",1
143,486,"formal","pl","sg",1
143,239,"formal","sg","pl",0
143,303,"formal","sg","pl",0
143,367,"formal","sg","pl",1
143,431,"formal","sg","pl",1
143,495,"formal","sg","pl",1
143,184,"formal","sg","sg",1
143,248,"formal","sg","sg",1
143,312,"formal","sg","sg",1
143,376,"formal","sg","sg",1
143,440,"formal","sg","sg",1
143,193,"informal","pl","pl",0
143,257,"informal","pl","pl",0
143,321,"informal","pl","pl",0
143,385,"informal","pl","pl",1
143,449,"informal","pl","pl",0
143,202,"informal","pl","sg",1
143,266,"informal","pl","sg",1
143,330,"informal","pl","sg",1
143,394,"informal","pl","sg",1
143,458,"informal","pl","sg",1
143,211,"informal","sg","pl",0
143,275,"informal","sg","pl",0
143,339,"informal","sg","pl",0
143,403,"informal","sg","pl",1
143,467,"informal","sg","pl",0
143,220,"informal","sg","sg",1
143,284,"informal","sg","sg",1
143,348,"informal","sg","sg",1
143,412,"informal","sg","sg",1
143,476,"informal","sg","sg",1
144,205,"formal","pl","pl",0
144,269,"formal","pl","pl",1
144,333,"formal","pl","pl",0
144,397,"formal","pl","pl",0
144,461,"formal","pl","pl",0
144,214,"formal","pl","sg",1
144,278,"formal","pl","sg",1
144,342,"formal","pl","sg",1
144,406,"formal","pl","sg",1
144,470,"formal","pl","sg",1
144,223,"formal","sg","pl",0
144,287,"formal","sg","pl",0
144,351,"formal","sg","pl",0
144,415,"formal","sg","pl",0
144,479,"formal","sg","pl",0
144,232,"formal","sg","sg",1
144,296,"formal","sg","sg",1
144,360,"formal","sg","sg",1
144,424,"formal","sg","sg",1
144,488,"formal","sg","sg",1
144,241,"informal","pl","pl",0
144,305,"informal","pl","pl",1
144,369,"informal","pl","pl",0
144,433,"informal","pl","pl",0
144,497,"informal","pl","pl",0
144,186,"informal","pl","sg",1
144,250,"informal","pl","sg",0
144,314,"informal","pl","sg",1
144,378,"informal","pl","sg",0
144,442,"informal","pl","sg",1
144,195,"informal","sg","pl",0
144,259,"informal","sg","pl",0
144,323,"informal","sg","pl",1
144,387,"informal","sg","pl",0
144,451,"informal","sg","pl",0
144,204,"informal","sg","sg",1
144,268,"informal","sg","sg",0
144,332,"informal","sg","sg",1
144,396,"informal","sg","sg",1
144,460,"informal","sg","sg",1
145,205,"formal","pl","pl",0
145,269,"formal","pl","pl",0
145,333,"formal","pl","pl",1
145,397,"formal","pl","pl",0
145,214,"formal","pl","sg",1
145,278,"formal","pl","sg",1
145,342,"formal","pl","sg",1
145,406,"formal","pl","sg",1
145,470,"formal","pl","sg",0
145,223,"formal","sg","pl",0
145,287,"formal","sg","pl",1
145,351,"formal","sg","pl",0
145,415,"formal","sg","pl",0
145,479,"formal","sg","pl",0
145,232,"formal","sg","sg",1
145,296,"formal","sg","sg",0
145,360,"formal","sg","sg",1
145,424,"formal","sg","sg",0
145,488,"formal","sg","sg",0
145,241,"informal","pl","pl",0
145,305,"informal","pl","pl",0
145,369,"informal","pl","pl",0
145,433,"informal","pl","pl",0
145,497,"informal","pl","pl",0
145,186,"informal","pl","sg",0
145,250,"informal","pl","sg",0
145,314,"informal","pl","sg",1
145,378,"informal","pl","sg",1
145,442,"informal","pl","sg",1
145,195,"informal","sg","pl",0
145,259,"informal","sg","pl",0
145,323,"informal","sg","pl",0
145,387,"informal","sg","pl",0
145,451,"informal","sg","pl",0
145,204,"informal","sg","sg",1
145,268,"informal","sg","sg",0
145,332,"informal","sg","sg",0
145,396,"informal","sg","sg",1
145,460,"informal","sg","sg",1
146,189,"formal","pl","pl",0
146,253,"formal","pl","pl",0
146,317,"formal","pl","pl",1
146,381,"formal","pl","pl",0
146,445,"formal","pl","pl",0
146,198,"formal","pl","sg",1
146,262,"formal","pl","sg",1
146,326,"formal","pl","sg",1
146,390,"formal","pl","sg",1
146,454,"formal","pl","sg",1
146,207,"formal","sg","pl",0
146,271,"formal","sg","pl",0
146,335,"formal","sg","pl",0
146,399,"formal","sg","pl",0
146,463,"formal","sg","pl",0
146,216,"formal","sg","sg",1
146,280,"formal","sg","sg",1
146,344,"formal","sg","sg",1
146,408,"formal","sg","sg",1
146,472,"formal","sg","sg",1
146,225,"informal","pl","pl",0
146,289,"informal","pl","pl",0
146,353,"informal","pl","pl",0
146,417,"informal","pl","pl",0
146,481,"informal","pl","pl",0
146,234,"informal","pl","sg",1
146,298,"informal","pl","sg",1
146,362,"informal","pl","sg",1
146,426,"informal","pl","sg",1
146,490,"informal","pl","sg",1
146,243,"informal","sg","pl",0
146,307,"informal","sg","pl",0
146,371,"informal","sg","pl",0
146,435,"informal","sg","pl",0
146,499,"informal","sg","pl",0
146,188,"informal","sg","sg",1
146,252,"informal","sg","sg",1
146,316,"informal","sg","sg",1
146,380,"informal","sg","sg",1
146,444,"informal","sg","sg",1
147,189,"formal","pl","pl",0
147,253,"formal","pl","pl",0
147,317,"formal","pl","pl",0
147,381,"formal","pl","pl",0
147,445,"formal","pl","pl",0
147,198,"formal","pl","sg",0
147,262,"formal","pl","sg",1
147,326,"formal","pl","sg",0
147,390,"formal","pl","sg",0
147,454,"formal","pl","sg",0
147,207,"formal","sg","pl",0
147,271,"formal","sg","pl",0
147,335,"formal","sg","pl",0
147,399,"formal","sg","pl",0
147,463,"formal","sg","pl",0
147,216,"formal","sg","sg",1
147,280,"formal","sg","sg",0
147,344,"formal","sg","sg",0
147,408,"formal","sg","sg",1
147,472,"formal","sg","sg",1
147,225,"informal","pl","pl",0
147,289,"informal","pl","pl",0
147,353,"informal","pl","pl",0
147,417,"informal","pl","pl",0
147,481,"informal","pl","pl",0
147,234,"informal","pl","sg",1
147,298,"informal","pl","sg",1
147,362,"informal","pl","sg",0
147,426,"informal","pl","sg",1
147,490,"informal","pl","sg",0
147,243,"informal","sg","pl",0
147,307,"informal","sg","pl",0
147,371,"informal","sg","pl",0
147,435,"informal","sg","pl",0
147,499,"informal","sg","pl",0
147,188,"informal","sg","sg",0
147,252,"informal","sg","sg",1
147,316,"informal","sg","sg",1
147,380,"informal","sg","sg",0
147,444,"informal","sg","sg",0
148,237,"formal","pl","pl",0
148,301,"formal","pl","pl",1
148,365,"formal","pl","pl",0
148,429,"formal","pl","pl",0
148,493,"formal","pl","pl",0
148,182,"formal","pl","sg",1
148,246,"formal","pl","sg",1
148,310,"formal","pl","sg",1
148,374,"formal","pl","sg",1
148,438,"formal","pl","sg",1
148,191,"formal","sg","pl",0
148,255,"formal","sg","pl",1
148,319,"formal","sg","pl",0
148,383,"formal","sg","pl",1
148,447,"formal","sg","pl",1
148,200,"formal","sg","sg",1
148,264,"formal","sg","sg",1
148,328,"formal","sg","sg",1
148,392,"formal","sg","sg",1
148,456,"formal","sg","sg",0
148,209,"informal","pl","pl",1
148,273,"informal","pl","pl",0
148,337,"informal","pl","pl",0
148,401,"informal","pl","pl",1
148,465,"informal","pl","pl",1
148,218,"informal","pl","sg",1
148,282,"informal","pl","sg",1
148,346,"informal","pl","sg",1
148,410,"informal","pl","sg",0
148,474,"informal","pl","sg",1
148,227,"informal","sg","pl",0
148,291,"informal","sg","pl",0
148,355,"informal","sg","pl",0
148,419,"informal","sg","pl",1
148,483,"informal","sg","pl",1
148,236,"informal","sg","sg",0
148,300,"informal","sg","sg",1
148,364,"informal","sg","sg",0
148,492,"informal","sg","sg",1
149,221,"formal","pl","pl",1
149,285,"formal","pl","pl",0
149,349,"formal","pl","pl",0
149,413,"formal","pl","pl",0
149,477,"formal","pl","pl",0
149,230,"formal","pl","sg",1
149,294,"formal","pl","sg",1
149,358,"formal","pl","sg",1
149,422,"formal","pl","sg",1
149,486,"formal","pl","sg",1
149,239,"formal","sg","pl",1
149,303,"formal","sg","pl",0
149,367,"formal","sg","pl",0
149,431,"formal","sg","pl",0
149,495,"formal","sg","pl",0
149,184,"formal","sg","sg",0
149,248,"formal","sg","sg",1
149,312,"formal","sg","sg",1
149,376,"formal","sg","sg",1
149,440,"formal","sg","sg",1
149,193,"informal","pl","pl",0
149,257,"informal","pl","pl",0
149,321,"informal","pl","pl",0
149,385,"informal","pl","pl",0
149,449,"informal","pl","pl",0
149,202,"informal","pl","sg",1
149,266,"informal","pl","sg",1
149,330,"informal","pl","sg",1
149,394,"informal","pl","sg",1
149,458,"informal","pl","sg",1
149,211,"informal","sg","pl",0
149,275,"informal","sg","pl",0
149,339,"informal","sg","pl",0
149,403,"informal","sg","pl",0
149,467,"informal","sg","pl",0
149,220,"informal","sg","sg",1
149,284,"informal","sg","sg",1
149,348,"informal","sg","sg",1
149,412,"informal","sg","sg",1
149,476,"informal","sg","sg",1
150,221,"formal","pl","pl",0
150,285,"formal","pl","pl",0
150,413,"formal","pl","pl",0
150,477,"formal","pl","pl",0
150,230,"formal","pl","sg",1
150,294,"formal","pl","sg",1
150,422,"formal","pl","sg",1
150,486,"formal","pl","sg",1
150,239,"formal","sg","pl",0
150,303,"formal","sg","pl",1
150,367,"formal","sg","pl",1
150,431,"formal","sg","pl",1
150,495,"formal","sg","pl",0
150,184,"formal","sg","sg",1
150,248,"formal","sg","sg",1
150,312,"formal","sg","sg",1
150,376,"formal","sg","sg",1
150,440,"formal","sg","sg",1
150,193,"informal","pl","pl",0
150,257,"informal","pl","pl",0
150,321,"informal","pl","pl",0
150,385,"informal","pl","pl",0
150,449,"informal","pl","pl",1
150,202,"informal","pl","sg",1
150,266,"informal","pl","sg",1
150,330,"informal","pl","sg",1
150,394,"informal","pl","sg",1
150,458,"informal","pl","sg",1
150,211,"informal","sg","pl",0
150,275,"informal","sg","pl",0
150,339,"informal","sg","pl",0
150,403,"informal","sg","pl",0
150,467,"informal","sg","pl",0
150,220,"informal","sg","sg",1
150,284,"informal","sg","sg",1
150,348,"informal","sg","sg",1
150,412,"informal","sg","sg",1
150,476,"informal","sg","sg",0
151,205,"formal","pl","pl",0
151,269,"formal","pl","pl",0
151,333,"formal","pl","pl",0
151,397,"formal","pl","pl",0
151,461,"formal","pl","pl",0
151,214,"formal","pl","sg",1
151,278,"formal","pl","sg",1
151,342,"formal","pl","sg",1
151,406,"formal","pl","sg",1
151,470,"formal","pl","sg",1
151,223,"formal","sg","pl",0
151,287,"formal","sg","pl",0
151,351,"formal","sg","pl",0
151,415,"formal","sg","pl",0
151,479,"formal","sg","pl",0
151,232,"formal","sg","sg",1
151,296,"formal","sg","sg",1
151,360,"formal","sg","sg",1
151,424,"formal","sg","sg",1
151,488,"formal","sg","sg",1
151,241,"informal","pl","pl",0
151,305,"informal","pl","pl",0
151,369,"informal","pl","pl",0
151,433,"informal","pl","pl",0
151,497,"informal","pl","pl",0
151,186,"informal","pl","sg",1
151,250,"informal","pl","sg",1
151,314,"informal","pl","sg",1
151,378,"informal","pl","sg",1
151,442,"informal","pl","sg",1
151,195,"informal","sg","pl",0
151,259,"informal","sg","pl",0
151,323,"informal","sg","pl",0
151,387,"informal","sg","pl",0
151,451,"informal","sg","pl",0
151,204,"informal","sg","sg",1
151,268,"informal","sg","sg",1
151,332,"informal","sg","sg",1
151,396,"informal","sg","sg",1
151,460,"informal","sg","sg",1
152,197,"formal","pl","pl",1
152,261,"formal","pl","pl",0
152,325,"formal","pl","pl",0
152,389,"formal","pl","pl",1
152,453,"formal","pl","pl",0
152,206,"formal","pl","sg",1
152,270,"formal","pl","sg",1
152,334,"formal","pl","sg",1
152,398,"formal","pl","sg",1
152,462,"formal","pl","sg",1
152,215,"formal","sg","pl",1
152,279,"formal","sg","pl",0
152,343,"formal","sg","pl",0
152,407,"formal","sg","pl",0
152,471,"formal","sg","pl",0
152,224,"formal","sg","sg",0
152,288,"formal","sg","sg",1
152,352,"formal","sg","sg",0
152,416,"formal","sg","sg",1
152,480,"formal","sg","sg",1
152,233,"informal","pl","pl",0
152,297,"informal","pl","pl",0
152,361,"informal","pl","pl",0
152,425,"informal","pl","pl",0
152,489,"informal","pl","pl",0
152,242,"informal","pl","sg",1
152,306,"informal","pl","sg",0
152,370,"informal","pl","sg",1
152,434,"informal","pl","sg",1
152,498,"informal","pl","sg",0
152,187,"informal","sg","pl",0
152,251,"informal","sg","pl",0
152,315,"informal","sg","pl",0
152,379,"informal","sg","pl",0
152,443,"informal","sg","pl",1
152,196,"informal","sg","sg",1
152,260,"informal","sg","sg",1
152,324,"informal","sg","sg",0
152,388,"informal","sg","sg",1
152,452,"informal","sg","sg",1
153,189,"formal","pl","pl",0
153,253,"formal","pl","pl",0
153,317,"formal","pl","pl",0
153,381,"formal","pl","pl",0
153,445,"formal","pl","pl",1
153,198,"formal","pl","sg",1
153,262,"formal","pl","sg",1
153,326,"formal","pl","sg",1
153,390,"formal","pl","sg",1
153,454,"formal","pl","sg",1
153,207,"formal","sg","pl",0
153,271,"formal","sg","pl",1
153,335,"formal","sg","pl",0
153,399,"formal","sg","pl",0
153,463,"formal","sg","pl",1
153,216,"formal","sg","sg",1
153,280,"formal","sg","sg",1
153,344,"formal","sg","sg",1
153,408,"formal","sg","sg",1
153,472,"formal","sg","sg",1
153,225,"informal","pl","pl",0
153,289,"informal","pl","pl",0
153,353,"informal","pl","pl",0
153,417,"informal","pl","pl",0
153,481,"informal","pl","pl",0
153,234,"informal","pl","sg",0
153,298,"informal","pl","sg",0
153,362,"informal","pl","sg",0
153,426,"informal","pl","sg",1
153,490,"informal","pl","sg",0
153,243,"informal","sg","pl",1
153,307,"informal","sg","pl",0
153,371,"informal","sg","pl",0
153,435,"informal","sg","pl",0
153,499,"informal","sg","pl",0
153,188,"informal","sg","sg",1
153,252,"informal","sg","sg",0
153,316,"informal","sg","sg",1
153,380,"informal","sg","sg",0
153,444,"informal","sg","sg",1
154,189,"formal","pl","pl",0
154,253,"formal","pl","pl",0
154,317,"formal","pl","pl",0
154,381,"formal","pl","pl",0
154,445,"formal","pl","pl",1
154,198,"formal","pl","sg",1
154,262,"formal","pl","sg",1
154,326,"formal","pl","sg",1
154,390,"formal","pl","sg",1
154,454,"formal","pl","sg",1
154,207,"formal","sg","pl",0
154,271,"formal","sg","pl",0
154,335,"formal","sg","pl",0
154,399,"formal","sg","pl",0
154,463,"formal","sg","pl",1
154,216,"formal","sg","sg",1
154,280,"formal","sg","sg",1
154,344,"formal","sg","sg",1
154,408,"formal","sg","sg",1
154,472,"formal","sg","sg",1
154,225,"informal","pl","pl",0
154,289,"informal","pl","pl",0
154,353,"informal","pl","pl",0
154,417,"informal","pl","pl",1
154,481,"informal","pl","pl",0
154,234,"informal","pl","sg",1
154,298,"informal","pl","sg",1
154,362,"informal","pl","sg",1
154,426,"informal","pl","sg",1
154,490,"informal","pl","sg",1
154,243,"informal","sg","pl",0
154,307,"informal","sg","pl",0
154,371,"informal","sg","pl",0
154,435,"informal","sg","pl",1
154,499,"informal","sg","pl",0
154,188,"informal","sg","sg",1
154,252,"informal","sg","sg",1
154,316,"informal","sg","sg",1
154,380,"informal","sg","sg",1
154,444,"informal","sg","sg",1
155,189,"formal","pl","pl",0
155,253,"formal","pl","pl",1
155,317,"formal","pl","pl",1
155,381,"formal","pl","pl",0
155,445,"formal","pl","pl",0
155,198,"formal","pl","sg",1
155,262,"formal","pl","sg",1
155,390,"formal","pl","sg",1
155,454,"formal","pl","sg",1
155,207,"formal","sg","pl",0
155,271,"formal","sg","pl",1
155,335,"formal","sg","pl",0
155,399,"formal","sg","pl",1
155,463,"formal","sg","pl",0
155,216,"formal","sg","sg",1
155,280,"formal","sg","sg",0
155,344,"formal","sg","sg",1
155,408,"formal","sg","sg",1
155,225,"informal","pl","pl",1
155,289,"informal","pl","pl",0
155,353,"informal","pl","pl",0
155,417,"informal","pl","pl",1
155,481,"informal","pl","pl",1
155,234,"informal","pl","sg",1
155,298,"informal","pl","sg",1
155,362,"informal","pl","sg",1
155,426,"informal","pl","sg",1
155,490,"informal","pl","sg",0
155,243,"informal","sg","pl",1
155,307,"informal","sg","pl",0
155,371,"informal","sg","pl",0
155,435,"informal","sg","pl",0
155,188,"informal","sg","sg",1
155,252,"informal","sg","sg",0
155,316,"informal","sg","sg",1
155,380,"informal","sg","sg",1
155,444,"informal","sg","sg",1
156,229,"formal","pl","pl",1
156,293,"formal","pl","pl",1
156,357,"formal","pl","pl",1
156,485,"formal","pl","pl",1
156,238,"formal","pl","sg",0
156,302,"formal","pl","sg",1
156,366,"formal","pl","sg",1
156,430,"formal","pl","sg",1
156,494,"formal","pl","sg",1
156,183,"formal","sg","pl",1
156,247,"formal","sg","pl",1
156,311,"formal","sg","pl",1
156,375,"formal","sg","pl",1
156,439,"formal","sg","pl",1
156,192,"formal","sg","sg",1
156,256,"formal","sg","sg",1
156,320,"formal","sg","sg",1
156,384,"formal","sg","sg",1
156,448,"formal","sg","sg",1
156,201,"informal","pl","pl",0
156,265,"informal","pl","pl",0
156,329,"informal","pl","pl",0
156,393,"informal","pl","pl",0
156,457,"informal","pl","pl",0
156,210,"informal","pl","sg",1
156,274,"informal","pl","sg",1
156,338,"informal","pl","sg",1
156,402,"informal","pl","sg",1
156,466,"informal","pl","sg",1
156,219,"informal","sg","pl",0
156,283,"informal","sg","pl",0
156,347,"informal","sg","pl",0
156,411,"informal","sg","pl",0
156,475,"informal","sg","pl",0
156,228,"informal","sg","sg",1
156,292,"informal","sg","sg",0
156,356,"informal","sg","sg",1
156,420,"informal","sg","sg",1
156,484,"informal","sg","sg",1
157,213,"formal","pl","pl",1
157,277,"formal","pl","pl",1
157,341,"formal","pl","pl",0
157,405,"formal","pl","pl",0
157,469,"formal","pl","pl",0
157,222,"formal","pl","sg",1
157,286,"formal","pl","sg",1
157,350,"formal","pl","sg",1
157,414,"formal","pl","sg",1
157,478,"formal","pl","sg",1
157,231,"formal","sg","pl",0
157,295,"formal","sg","pl",1
157,359,"formal","sg","pl",0
157,423,"formal","sg","pl",0
157,487,"formal","sg","pl",0
157,240,"formal","sg","sg",1
157,304,"formal","sg","sg",1
157,368,"formal","sg","sg",1
157,432,"formal","sg","sg",1
157,496,"formal","sg","sg",1
157,185,"informal","pl","pl",1
157,249,"informal","pl","pl",0
157,313,"informal","pl","pl",0
157,377,"informal","pl","pl",0
157,441,"informal","pl","pl",0
157,194,"informal","pl","sg",1
157,258,"informal","pl","sg",1
157,322,"informal","pl","sg",1
157,386,"informal","pl","sg",1
157,450,"informal","pl","sg",1
157,203,"informal","sg","pl",0
157,267,"informal","sg","pl",0
157,331,"informal","sg","pl",0
157,395,"informal","sg","pl",0
157,459,"informal","sg","pl",0
157,212,"informal","sg","sg",1
157,276,"informal","sg","sg",1
157,340,"informal","sg","sg",1
157,404,"informal","sg","sg",1
157,468,"informal","sg","sg",1
158,205,"formal","pl","pl",0
158,269,"formal","pl","pl",0
158,333,"formal","pl","pl",0
158,397,"formal","pl","pl",0
158,461,"formal","pl","pl",1
158,214,"formal","pl","sg",1
158,278,"formal","pl","sg",1
158,342,"formal","pl","sg",1
158,406,"formal","pl","sg",1
158,470,"formal","pl","sg",0
158,223,"formal","sg","pl",0
158,287,"formal","sg","pl",0
158,351,"formal","sg","pl",0
158,415,"formal","sg","pl",0
158,479,"formal","sg","pl",0
158,232,"formal","sg","sg",1
158,296,"formal","sg","sg",1
158,360,"formal","sg","sg",1
158,424,"formal","sg","sg",1
158,488,"formal","sg","sg",1
158,241,"informal","pl","pl",0
158,305,"informal","pl","pl",0
158,369,"informal","pl","pl",0
158,433,"informal","pl","pl",0
158,497,"informal","pl","pl",0
158,186,"informal","pl","sg",1
158,250,"informal","pl","sg",1
158,314,"informal","pl","sg",1
158,378,"informal","pl","sg",1
158,442,"informal","pl","sg",0
158,195,"informal","sg","pl",0
158,259,"informal","sg","pl",0
158,323,"informal","sg","pl",0
158,387,"informal","sg","pl",1
158,451,"informal","sg","pl",0
158,204,"informal","sg","sg",1
158,268,"informal","sg","sg",1
158,332,"informal","sg","sg",1
158,396,"informal","sg","sg",1
158,460,"informal","sg","sg",1
159,197,"formal","pl","pl",0
159,261,"formal","pl","pl",0
159,325,"formal","pl","pl",0
159,389,"formal","pl","pl",0
159,453,"formal","pl","pl",0
159,206,"formal","pl","sg",1
159,270,"formal","pl","sg",1
159,334,"formal","pl","sg",1
159,398,"formal","pl","sg",1
159,462,"formal","pl","sg",1
159,215,"formal","sg","pl",0
159,279,"formal","sg","pl",0
159,343,"formal","sg","pl",0
159,407,"formal","sg","pl",0
159,471,"formal","sg","pl",0
159,224,"formal","sg","sg",0
159,288,"formal","sg","sg",1
159,352,"formal","sg","sg",1
159,416,"formal","sg","sg",1
159,480,"formal","sg","sg",1
159,233,"informal","pl","pl",1
159,297,"informal","pl","pl",0
159,361,"informal","pl","pl",0
159,425,"informal","pl","pl",0
159,489,"informal","pl","pl",0
159,242,"informal","pl","sg",1
159,306,"informal","pl","sg",1
159,370,"informal","pl","sg",1
159,434,"informal","pl","sg",1
159,498,"informal","pl","sg",1
159,187,"informal","sg","pl",0
159,251,"informal","sg","pl",0
159,315,"informal","sg","pl",0
159,379,"informal","sg","pl",0
159,443,"informal","sg","pl",0
159,196,"informal","sg","sg",1
159,260,"informal","sg","sg",1
159,324,"informal","sg","sg",1
159,388,"informal","sg","sg",1
159,452,"informal","sg","sg",1
160,189,"formal","pl","pl",1
160,253,"formal","pl","pl",1
160,317,"formal","pl","pl",1
160,381,"formal","pl","pl",1
160,445,"formal","pl","pl",1
160,198,"formal","pl","sg",1
160,262,"formal","pl","sg",1
160,326,"formal","pl","sg",1
160,390,"formal","pl","sg",1
160,454,"formal","pl","sg",1
160,207,"formal","sg","pl",1
160,271,"formal","sg","pl",0
160,335,"formal","sg","pl",0
160,399,"formal","sg","pl",0
160,463,"formal","sg","pl",1
160,216,"formal","sg","sg",1
160,280,"formal","sg","sg",1
160,344,"formal","sg","sg",1
160,408,"formal","sg","sg",1
160,472,"formal","sg","sg",1
160,225,"informal","pl","pl",0
160,289,"informal","pl","pl",0
160,353,"informal","pl","pl",0
160,417,"informal","pl","pl",0
160,481,"informal","pl","pl",0
160,234,"informal","pl","sg",1
160,298,"informal","pl","sg",1
160,362,"informal","pl","sg",1
160,426,"informal","pl","sg",1
160,490,"informal","pl","sg",1
160,243,"informal","sg","pl",0
160,307,"informal","sg","pl",0
160,371,"informal","sg","pl",1
160,435,"informal","sg","pl",0
160,499,"informal","sg","pl",0
160,188,"informal","sg","sg",1
160,252,"informal","sg","sg",1
160,316,"informal","sg","sg",1
160,380,"informal","sg","sg",0
160,444,"informal","sg","sg",1
161,181,"formal","pl","pl",0
161,245,"formal","pl","pl",0
161,309,"formal","pl","pl",1
161,373,"formal","pl","pl",0
161,437,"formal","pl","pl",1
161,190,"formal","pl","sg",1
161,254,"formal","pl","sg",1
161,318,"formal","pl","sg",1
161,382,"formal","pl","sg",1
161,446,"formal","pl","sg",1
161,199,"formal","sg","pl",0
161,263,"formal","sg","pl",0
161,327,"formal","sg","pl",1
161,391,"formal","sg","pl",1
161,455,"formal","sg","pl",0
161,208,"formal","sg","sg",1
161,272,"formal","sg","sg",1
161,336,"formal","sg","sg",1
161,400,"formal","sg","sg",1
161,464,"formal","sg","sg",1
161,217,"informal","pl","pl",0
161,281,"informal","pl","pl",0
161,345,"informal","pl","pl",0
161,409,"informal","pl","pl",0
161,473,"informal","pl","pl",0
161,226,"informal","pl","sg",0
161,290,"informal","pl","sg",0
161,354,"informal","pl","sg",1
161,418,"informal","pl","sg",1
161,482,"informal","pl","sg",0
161,235,"informal","sg","pl",0
161,299,"informal","sg","pl",0
161,363,"informal","sg","pl",0
161,427,"informal","sg","pl",0
161,491,"informal","sg","pl",0
161,244,"informal","sg","sg",0
161,308,"informal","sg","sg",1
161,372,"informal","sg","sg",1
161,436,"informal","sg","sg",0
161,500,"informal","sg","sg",1
162,237,"formal","pl","pl",0
162,301,"formal","pl","pl",0
162,365,"formal","pl","pl",0
162,429,"formal","pl","pl",1
162,493,"formal","pl","pl",0
162,182,"formal","pl","sg",1
162,246,"formal","pl","sg",1
162,310,"formal","pl","sg",1
162,374,"formal","pl","sg",1
162,438,"formal","pl","sg",1
162,191,"formal","sg","pl",0
162,255,"formal","sg","pl",0
162,319,"formal","sg","pl",0
162,383,"formal","sg","pl",1
162,447,"formal","sg","pl",1
162,200,"formal","sg","sg",1
162,264,"formal","sg","sg",1
162,328,"formal","sg","sg",1
162,392,"formal","sg","sg",1
162,456,"formal","sg","sg",1
162,209,"informal","pl","pl",1
162,273,"informal","pl","pl",1
162,337,"informal","pl","pl",0
162,401,"informal","pl","pl",1
162,465,"informal","pl","pl",1
162,218,"informal","pl","sg",1
162,282,"informal","pl","sg",1
162,346,"informal","pl","sg",1
162,410,"informal","pl","sg",1
162,474,"informal","pl","sg",1
162,227,"informal","sg","pl",0
162,291,"informal","sg","pl",0
162,355,"informal","sg","pl",0
162,419,"informal","sg","pl",0
162,483,"informal","sg","pl",0
162,236,"informal","sg","sg",1
162,300,"informal","sg","sg",1
162,364,"informal","sg","sg",1
162,428,"informal","sg","sg",1
162,492,"informal","sg","sg",1
163,229,"formal","pl","pl",0
163,293,"formal","pl","pl",1
163,357,"formal","pl","pl",1
163,421,"formal","pl","pl",1
163,485,"formal","pl","pl",0
163,238,"formal","pl","sg",1
163,302,"formal","pl","sg",1
163,366,"formal","pl","sg",1
163,430,"formal","pl","sg",1
163,494,"formal","pl","sg",1
163,183,"formal","sg","pl",0
163,247,"formal","sg","pl",0
163,311,"formal","sg","pl",0
163,375,"formal","sg","pl",0
163,439,"formal","sg","pl",0
163,192,"formal","sg","sg",1
163,256,"formal","sg","sg",1
163,320,"formal","sg","sg",1
163,384,"formal","sg","sg",1
163,448,"formal","sg","sg",1
163,201,"informal","pl","pl",0
163,329,"informal","pl","pl",0
163,393,"informal","pl","pl",0
163,457,"informal","pl","pl",0
163,210,"informal","pl","sg",1
163,274,"informal","pl","sg",1
163,338,"informal","pl","sg",1
163,402,"informal","pl","sg",1
163,466,"informal","pl","sg",1
163,219,"informal","sg","pl",0
163,283,"informal","sg","pl",0
163,347,"informal","sg","pl",0
163,411,"informal","sg","pl",0
163,475,"informal","sg","pl",0
163,228,"informal","sg","sg",1
163,292,"informal","sg","sg",1
163,356,"informal","sg","sg",1
163,420,"informal","sg","sg",1
163,484,"informal","sg","sg",1
164,221,"formal","pl","pl",0
164,285,"formal","pl","pl",0
164,349,"formal","pl","pl",0
164,413,"formal","pl","pl",0
164,477,"formal","pl","pl",0
164,230,"formal","pl","sg",1
164,294,"formal","pl","sg",1
164,358,"formal","pl","sg",1
164,422,"formal","pl","sg",1
164,239,"formal","sg","pl",0
164,303,"formal","sg","pl",0
164,367,"formal","sg","pl",1
164,495,"formal","sg","pl",0
164,184,"formal","sg","sg",1
164,248,"formal","sg","sg",1
164,312,"formal","sg","sg",1
164,376,"formal","sg","sg",0
164,440,"formal","sg","sg",1
164,193,"informal","pl","pl",0
164,257,"informal","pl","pl",0
164,321,"informal","pl","pl",0
164,385,"informal","pl","pl",0
164,449,"informal","pl","pl",0
164,202,"informal","pl","sg",1
164,266,"informal","pl","sg",1
164,330,"informal","pl","sg",1
164,394,"informal","pl","sg",1
164,458,"informal","pl","sg",0
164,211,"informal","sg","pl",0
164,275,"informal","sg","pl",0
164,339,"informal","sg","pl",0
164,403,"informal","sg","pl",0
164,467,"informal","sg","pl",0
164,220,"informal","sg","sg",1
164,284,"informal","sg","sg",1
164,348,"informal","sg","sg",0
164,412,"informal","sg","sg",1
164,476,"informal","sg","sg",1
165,213,"formal","pl","pl",0
165,277,"formal","pl","pl",0
165,341,"formal","pl","pl",0
165,405,"formal","pl","pl",0
165,469,"formal","pl","pl",0
165,222,"formal","pl","sg",1
165,286,"formal","pl","sg",1
165,350,"formal","pl","sg",1
165,414,"formal","pl","sg",1
165,478,"formal","pl","sg",1
165,231,"formal","sg","pl",0
165,295,"formal","sg","pl",0
165,359,"formal","sg","pl",0
165,423,"formal","sg","pl",0
165,487,"formal","sg","pl",0
165,240,"formal","sg","sg",1
165,304,"formal","sg","sg",1
165,368,"formal","sg","sg",1
165,432,"formal","sg","sg",1
165,496,"formal","sg","sg",1
165,185,"informal","pl","pl",0
165,249,"informal","pl","pl",0
165,313,"informal","pl","pl",0
165,377,"informal","pl","pl",0
165,441,"informal","pl","pl",0
165,194,"informal","pl","sg",0
165,258,"informal","pl","sg",1
165,322,"informal","pl","sg",1
165,386,"informal","pl","sg",0
165,450,"informal","pl","sg",1
165,203,"informal","sg","pl",0
165,267,"informal","sg","pl",0
165,331,"informal","sg","pl",0
165,395,"informal","sg","pl",0
165,459,"informal","sg","pl",0
165,212,"informal","sg","sg",1
165,276,"informal","sg","sg",1
165,340,"informal","sg","sg",1
165,404,"informal","sg","sg",1
165,468,"informal","sg","sg",1
166,205,"formal","pl","pl",0
166,269,"formal","pl","pl",1
166,333,"formal","pl","pl",1
166,397,"formal","pl","pl",1
166,461,"formal","pl","pl",0
166,214,"formal","pl","sg",1
166,278,"formal","pl","sg",1
166,342,"formal","pl","sg",1
166,406,"formal","pl","sg",1
166,470,"formal","pl","sg",1
166,223,"formal","sg","pl",0
166,287,"formal","sg","pl",0
166,351,"formal","sg","pl",0
166,415,"formal","sg","pl",0
166,479,"formal","sg","pl",0
166,232,"formal","sg","sg",1
166,296,"formal","sg","sg",1
166,360,"formal","sg","sg",1
166,424,"formal","sg","sg",1
166,488,"formal","sg","sg",1
166,241,"informal","pl","pl",0
166,305,"informal","pl","pl",0
166,433,"informal","pl","pl",1
166,497,"informal","pl","pl",0
166,186,"informal","pl","sg",1
166,250,"informal","pl","sg",1
166,314,"informal","pl","sg",1
166,378,"informal","pl","sg",1
166,442,"informal","pl","sg",1
166,195,"informal","sg","pl",0
166,259,"informal","sg","pl",0
166,323,"informal","sg","pl",0
166,387,"informal","sg","pl",0
166,204,"informal","sg","sg",1
166,268,"informal","sg","sg",1
166,332,"informal","sg","sg",1
166,396,"informal","sg","sg",1
166,460,"informal","sg","sg",1
